,wap,close,count,high,low,open,volume
2016-04-11 19:00:00,205.367,205.37,21,205.37,205.36,205.36,30
2016-04-11 19:00:05,205.364,205.36,15,205.37,205.36,205.37,22
2016-04-11 19:00:10,205.368,205.37,29,205.37,205.36,205.36,76
2016-04-11 19:00:15,205.351,205.35,41,205.37,205.35,205.37,92
2016-04-11 19:00:20,205.34,205.34,42,205.35,205.34,205.35,92
2016-04-11 19:00:25,205.351,205.35,44,205.36,205.34,205.35,166
2016-04-11 19:00:30,205.321,205.32,17,205.34,205.32,205.34,34
2016-04-11 19:00:35,205.329,205.33,45,205.34,205.32,205.32,239
2016-04-11 19:00:40,205.339,205.34,26,205.34,205.33,205.33,71
2016-04-11 19:00:45,205.344,205.35,9,205.35,205.33,205.34,11
2016-04-11 19:00:50,205.339,205.34,6,205.34,205.33,205.34,24
2016-04-11 19:00:55,205.34,205.34,0,205.34,205.33,205.34,0
2016-04-11 19:01:00,205.33,205.33,14,205.33,205.33,205.33,23
2016-04-11 19:01:05,205.34,205.34,27,205.34,205.34,205.34,55
2016-04-11 19:01:10,205.335,205.34,2,205.34,205.33,205.33,4
2016-04-11 19:01:15,205.353,205.36,15,205.36,205.34,205.34,21
2016-04-11 19:01:20,205.361,205.36,18,205.37,205.36,205.37,27
2016-04-11 19:01:25,205.367,205.37,2,205.37,205.36,205.37,51
2016-04-11 19:01:30,205.362,205.36,8,205.37,205.36,205.37,10
2016-04-11 19:01:35,205.378,205.38,21,205.38,205.36,205.37,50
2016-04-11 19:01:40,205.368,205.36,11,205.37,205.36,205.37,18
2016-04-11 19:01:45,205.366,205.37,5,205.37,205.36,205.36,5
2016-04-11 19:01:50,205.37,205.37,6,205.37,205.37,205.37,7
2016-04-11 19:01:55,205.36,205.36,1,205.36,205.36,205.36,4
2016-04-11 19:02:00,205.352,205.35,12,205.36,205.35,205.36,21
2016-04-11 19:02:05,205.355,205.36,2,205.36,205.35,205.35,2
2016-04-11 19:02:10,205.36,205.36,31,205.36,205.36,205.36,52
2016-04-11 19:02:15,205.364,205.36,17,205.37,205.36,205.37,23
2016-04-11 19:02:20,205.366,205.37,37,205.37,205.36,205.37,41
2016-04-11 19:02:25,205.36,205.36,16,205.36,205.36,205.36,19
2016-04-11 19:02:30,205.36,205.36,0,205.36,205.36,205.36,0
2016-04-11 19:02:35,205.35,205.35,2,205.36,205.35,205.36,2
2016-04-11 19:02:40,205.35,205.35,6,205.35,205.35,205.35,137
2016-04-11 19:02:45,205.339,205.33,44,205.35,205.32,205.35,72
2016-04-11 19:02:50,205.343,205.32,58,205.36,205.32,205.32,123
2016-04-11 19:02:55,205.356,205.35,36,205.36,205.35,205.35,66
2016-04-11 19:03:00,205.35,205.35,1,205.35,205.35,205.35,1
2016-04-11 19:03:05,205.359,205.36,21,205.36,205.35,205.36,38
2016-04-11 19:03:10,205.355,205.35,6,205.36,205.35,205.36,11
2016-04-11 19:03:15,205.345,205.34,10,205.36,205.34,205.35,12
2016-04-11 19:03:20,205.35,205.35,3,205.35,205.34,205.35,4
2016-04-11 19:03:25,205.35,205.35,0,205.35,205.34,205.35,0
2016-04-11 19:03:30,205.339,205.34,9,205.34,205.33,205.34,12
2016-04-11 19:03:35,205.34,205.34,0,205.34,205.34,205.34,0
2016-04-11 19:03:40,205.328,205.33,29,205.33,205.32,205.33,42
2016-04-11 19:03:45,205.33,205.33,0,205.33,205.33,205.33,0
2016-04-11 19:03:50,205.327,205.33,52,205.33,205.31,205.32,112
2016-04-11 19:03:55,205.314,205.31,40,205.33,205.3,205.33,68
2016-04-11 19:04:00,205.317,205.33,23,205.33,205.31,205.31,35
2016-04-11 19:04:05,205.33,205.33,2,205.33,205.32,205.33,4
2016-04-11 19:04:10,205.33,205.33,20,205.34,205.32,205.33,39
2016-04-11 19:04:15,205.332,205.32,40,205.34,205.32,205.34,96
2016-04-11 19:04:20,205.321,205.32,40,205.33,205.3,205.32,161
2016-04-11 19:04:25,205.32,205.32,13,205.32,205.32,205.32,23
2016-04-11 19:04:30,205.32,205.32,1,205.32,205.32,205.32,1
2016-04-11 19:04:35,205.317,205.32,9,205.32,205.31,205.31,42
2016-04-11 19:04:40,205.32,205.32,0,205.32,205.32,205.32,0
2016-04-11 19:04:45,205.329,205.33,7,205.33,205.32,205.33,22
2016-04-11 19:04:50,205.325,205.33,1,205.33,205.32,205.33,2
2016-04-11 19:04:55,205.33,205.33,2,205.33,205.33,205.33,2
2016-04-11 19:05:00,205.33,205.33,0,205.33,205.33,205.33,0
2016-04-11 19:05:05,205.33,205.33,3,205.33,205.33,205.33,31
2016-04-11 19:05:10,205.33,205.33,13,205.33,205.32,205.33,30
2016-04-11 19:05:15,205.33,205.33,1,205.33,205.33,205.33,3
2016-04-11 19:05:20,205.311,205.31,53,205.33,205.31,205.33,194
2016-04-11 19:05:25,205.301,205.3,16,205.31,205.3,205.3,27
2016-04-11 19:05:30,205.305,205.32,67,205.32,205.29,205.3,104
2016-04-11 19:05:35,205.327,205.33,3,205.33,205.32,205.33,23
2016-04-11 19:05:40,205.321,205.32,25,205.33,205.31,205.32,77
2016-04-11 19:05:45,205.319,205.32,42,205.33,205.31,205.31,121
2016-04-11 19:05:50,205.32,205.32,1,205.32,205.32,205.32,5
2016-04-11 19:05:55,205.327,205.33,12,205.33,205.32,205.32,41
2016-04-11 19:06:00,205.33,205.33,21,205.33,205.32,205.33,39
2016-04-11 19:06:05,205.323,205.32,10,205.33,205.32,205.33,28
2016-04-11 19:06:10,205.32,205.32,2,205.32,205.32,205.32,2
2016-04-11 19:06:15,205.33,205.33,1,205.33,205.32,205.33,4
2016-04-11 19:06:20,205.328,205.32,2,205.33,205.32,205.33,6
2016-04-11 19:06:25,205.32,205.32,0,205.32,205.32,205.32,0
2016-04-11 19:06:30,205.329,205.33,13,205.33,205.32,205.33,31
2016-04-11 19:06:35,205.323,205.33,3,205.33,205.32,205.32,3
2016-04-11 19:06:40,205.329,205.33,45,205.33,205.32,205.33,108
2016-04-11 19:06:45,205.321,205.32,3,205.33,205.32,205.33,9
2016-04-11 19:06:50,205.311,205.31,188,205.32,205.31,205.32,1050
2016-04-11 19:06:55,205.32,205.32,1,205.32,205.32,205.32,1
2016-04-11 19:07:00,205.343,205.37,93,205.38,205.31,205.32,171
2016-04-11 19:07:05,205.37,205.36,34,205.38,205.35,205.38,88
2016-04-11 19:07:10,205.358,205.36,4,205.36,205.35,205.35,4
2016-04-11 19:07:15,205.36,205.36,1,205.36,205.36,205.36,1
2016-04-11 19:07:20,205.37,205.37,14,205.37,205.36,205.36,32
2016-04-11 19:07:25,205.37,205.37,6,205.37,205.37,205.37,8
2016-04-11 19:07:30,205.379,205.38,8,205.38,205.37,205.38,8
2016-04-11 19:07:35,205.391,205.39,159,205.4,205.38,205.38,368
2016-04-11 19:07:40,205.392,205.39,112,205.4,205.39,205.39,163
2016-04-11 19:07:45,205.391,205.39,19,205.4,205.39,205.39,35
2016-04-11 19:07:50,205.39,205.39,18,205.39,205.39,205.39,69
2016-04-11 19:07:55,205.39,205.39,15,205.39,205.38,205.39,54
2016-04-11 19:08:00,205.39,205.39,42,205.39,205.38,205.39,94
2016-04-11 19:08:05,205.381,205.39,34,205.39,205.37,205.39,46
2016-04-11 19:08:10,205.372,205.37,55,205.39,205.37,205.38,97
2016-04-11 19:08:15,205.362,205.36,13,205.38,205.36,205.37,24
2016-04-11 19:08:20,205.357,205.36,8,205.36,205.35,205.35,28
2016-04-11 19:08:25,205.362,205.37,3,205.37,205.36,205.36,6
2016-04-11 19:08:30,205.37,205.37,4,205.37,205.37,205.37,5
2016-04-11 19:08:35,205.37,205.37,4,205.38,205.37,205.37,21
2016-04-11 19:08:40,205.37,205.36,16,205.38,205.36,205.37,33
2016-04-11 19:08:45,205.354,205.36,11,205.36,205.35,205.36,17
2016-04-11 19:08:50,205.366,205.38,7,205.38,205.36,205.36,9
2016-04-11 19:08:55,205.37,205.37,15,205.38,205.37,205.38,26
2016-04-11 19:09:00,205.389,205.39,40,205.4,205.38,205.38,64
2016-04-11 19:09:05,205.39,205.39,3,205.39,205.39,205.39,6
2016-04-11 19:09:10,205.39,205.39,40,205.39,205.39,205.39,68
2016-04-11 19:09:15,205.377,205.37,16,205.38,205.37,205.38,26
2016-04-11 19:09:20,205.38,205.38,39,205.39,205.37,205.38,60
2016-04-11 19:09:25,205.38,205.38,0,205.38,205.38,205.38,0
2016-04-11 19:09:30,205.379,205.37,5,205.38,205.37,205.38,7
2016-04-11 19:09:35,205.387,205.39,19,205.39,205.37,205.37,45
2016-04-11 19:09:40,205.39,205.39,47,205.39,205.38,205.39,102
2016-04-11 19:09:45,205.383,205.38,7,205.39,205.38,205.39,7
2016-04-11 19:09:50,205.38,205.38,2,205.38,205.38,205.38,2
2016-04-11 19:09:55,205.38,205.38,0,205.38,205.38,205.38,0
2016-04-11 19:10:00,205.38,205.38,0,205.38,205.38,205.38,0
2016-04-11 19:10:05,205.38,205.38,1,205.38,205.38,205.38,1
2016-04-11 19:10:10,205.373,205.38,3,205.38,205.37,205.38,7
2016-04-11 19:10:15,205.366,205.36,28,205.37,205.36,205.37,51
2016-04-11 19:10:20,205.361,205.36,15,205.37,205.35,205.36,55
2016-04-11 19:10:25,205.362,205.36,13,205.37,205.36,205.37,14
2016-04-11 19:10:30,205.374,205.39,55,205.4,205.36,205.37,249
2016-04-11 19:10:35,205.39,205.39,49,205.39,205.39,205.39,73
2016-04-11 19:10:40,205.388,205.39,12,205.39,205.38,205.39,16
2016-04-11 19:10:45,205.389,205.39,36,205.39,205.38,205.38,84
2016-04-11 19:10:50,205.39,205.39,9,205.39,205.39,205.39,19
2016-04-11 19:10:55,205.39,205.39,36,205.39,205.39,205.39,52
2016-04-11 19:11:00,205.39,205.39,6,205.39,205.39,205.39,6
2016-04-11 19:11:05,205.39,205.39,13,205.39,205.39,205.39,13
2016-04-11 19:11:10,205.41,205.45,300,205.45,205.39,205.39,1551
2016-04-11 19:11:15,205.436,205.44,84,205.46,205.42,205.44,197
2016-04-11 19:11:20,205.437,205.44,35,205.44,205.43,205.44,66
2016-04-11 19:11:25,205.445,205.44,28,205.45,205.44,205.44,36
2016-04-11 19:11:30,205.444,205.44,10,205.45,205.44,205.45,17
2016-04-11 19:11:35,205.479,205.5,429,205.5,205.44,205.44,975
2016-04-11 19:11:40,205.529,205.53,329,205.55,205.49,205.5,738
2016-04-11 19:11:45,205.521,205.54,79,205.54,205.51,205.53,168
2016-04-11 19:11:50,205.527,205.52,46,205.53,205.52,205.53,86
2016-04-11 19:11:55,205.521,205.52,24,205.53,205.51,205.53,61
2016-04-11 19:12:00,205.51,205.51,64,205.52,205.5,205.52,163
2016-04-11 19:12:05,205.51,205.51,19,205.52,205.5,205.51,46
2016-04-11 19:12:10,205.5,205.5,2,205.51,205.5,205.5,6
2016-04-11 19:12:15,205.506,205.51,5,205.51,205.5,205.51,5
2016-04-11 19:12:20,205.511,205.5,45,205.52,205.5,205.51,100
2016-04-11 19:12:25,205.511,205.51,50,205.52,205.5,205.5,128
2016-04-11 19:12:30,205.51,205.51,0,205.51,205.51,205.51,0
2016-04-11 19:12:35,205.51,205.51,4,205.51,205.51,205.51,5
2016-04-11 19:12:40,205.515,205.52,28,205.53,205.5,205.51,124
2016-04-11 19:12:45,205.52,205.51,27,205.53,205.51,205.52,51
2016-04-11 19:12:50,205.51,205.51,2,205.51,205.5,205.51,2
2016-04-11 19:12:55,205.51,205.51,19,205.52,205.51,205.51,48
2016-04-11 19:13:00,205.519,205.52,10,205.52,205.51,205.51,22
2016-04-11 19:13:05,205.504,205.5,1,205.51,205.5,205.5,13
2016-04-11 19:13:10,205.509,205.51,6,205.51,205.5,205.51,7
2016-04-11 19:13:15,205.501,205.5,26,205.51,205.5,205.5,36
2016-04-11 19:13:20,205.488,205.47,18,205.5,205.47,205.5,49
2016-04-11 19:13:25,205.482,205.49,9,205.49,205.48,205.48,12
2016-04-11 19:13:30,205.492,205.5,33,205.5,205.48,205.49,64
2016-04-11 19:13:35,205.481,205.48,12,205.49,205.48,205.49,24
2016-04-11 19:13:40,205.472,205.48,5,205.48,205.47,205.47,5
2016-04-11 19:13:45,205.471,205.47,3,205.48,205.47,205.48,7
2016-04-11 19:13:50,205.479,205.48,17,205.49,205.47,205.47,39
2016-04-11 19:13:55,205.49,205.49,20,205.5,205.49,205.49,34
2016-04-11 19:14:00,205.485,205.48,10,205.49,205.48,205.48,20
2016-04-11 19:14:05,205.49,205.49,18,205.49,205.48,205.49,28
2016-04-11 19:14:10,205.48,205.48,46,205.49,205.48,205.49,92
2016-04-11 19:14:15,205.497,205.5,36,205.5,205.48,205.48,98
2016-04-11 19:14:20,205.503,205.5,2,205.51,205.5,205.5,3
2016-04-11 19:14:25,205.5,205.5,0,205.51,205.5,205.5,0
2016-04-11 19:14:30,205.517,205.51,48,205.52,205.51,205.51,163
2016-04-11 19:14:35,205.511,205.52,15,205.52,205.51,205.51,29
2016-04-11 19:14:40,205.514,205.52,25,205.52,205.5,205.51,39
2016-04-11 19:14:45,205.521,205.52,4,205.53,205.5,205.51,7
2016-04-11 19:14:50,205.52,205.52,1,205.52,205.52,205.52,1
2016-04-11 19:14:55,205.515,205.51,43,205.52,205.5,205.52,72
2016-04-11 19:15:00,205.512,205.52,8,205.52,205.51,205.51,12
2016-04-11 19:15:05,205.501,205.49,28,205.51,205.49,205.51,53
2016-04-11 19:15:10,205.481,205.48,18,205.49,205.48,205.49,25
2016-04-11 19:15:15,205.469,205.48,28,205.48,205.46,205.47,98
2016-04-11 19:15:20,205.475,205.47,6,205.48,205.47,205.48,10
2016-04-11 19:15:25,205.473,205.48,3,205.48,205.47,205.47,3
2016-04-11 19:15:30,205.471,205.47,5,205.48,205.47,205.48,11
2016-04-11 19:15:35,205.458,205.45,76,205.47,205.45,205.47,191
2016-04-11 19:15:40,205.441,205.44,31,205.46,205.44,205.45,173
2016-04-11 19:15:45,205.44,205.44,20,205.45,205.44,205.44,51
2016-04-11 19:15:50,205.424,205.43,30,205.43,205.42,205.43,92
2016-04-11 19:15:55,205.43,205.44,41,205.44,205.42,205.42,72
2016-04-11 19:16:00,205.438,205.44,17,205.44,205.43,205.44,42
2016-04-11 19:16:05,205.434,205.45,75,205.45,205.42,205.44,138
2016-04-11 19:16:10,205.464,205.48,20,205.48,205.45,205.45,39
2016-04-11 19:16:15,205.479,205.48,41,205.49,205.47,205.48,76
2016-04-11 19:16:20,205.47,205.47,1,205.48,205.47,205.47,1
2016-04-11 19:16:25,205.477,205.48,5,205.48,205.47,205.47,8
2016-04-11 19:16:30,205.48,205.48,20,205.48,205.48,205.48,42
2016-04-11 19:16:35,205.468,205.46,32,205.48,205.46,205.47,70
2016-04-11 19:16:40,205.47,205.47,14,205.47,205.46,205.46,39
2016-04-11 19:16:45,205.47,205.46,17,205.48,205.46,205.47,33
2016-04-11 19:16:50,205.464,205.46,18,205.47,205.45,205.47,24
2016-04-11 19:16:55,205.454,205.45,3,205.46,205.45,205.46,7
2016-04-11 19:17:00,205.46,205.46,1,205.46,205.46,205.46,1
2016-04-11 19:17:05,205.455,205.46,1,205.46,205.45,205.46,2
2016-04-11 19:17:10,205.459,205.47,54,205.47,205.45,205.45,262
2016-04-11 19:17:15,205.479,205.47,5,205.48,205.47,205.48,14
2016-04-11 19:17:20,205.48,205.48,1,205.48,205.48,205.48,1
2016-04-11 19:17:25,205.47,205.47,1,205.47,205.47,205.47,1
2016-04-11 19:17:30,205.475,205.48,2,205.48,205.47,205.47,2
2016-04-11 19:17:35,205.474,205.48,11,205.48,205.47,205.48,18
2016-04-11 19:17:40,205.459,205.46,33,205.47,205.45,205.47,63
2016-04-11 19:17:45,205.46,205.46,12,205.46,205.45,205.46,20
2016-04-11 19:17:50,205.458,205.46,5,205.46,205.45,205.46,5
2016-04-11 19:17:55,205.452,205.45,83,205.47,205.44,205.45,371
2016-04-11 19:18:00,205.459,205.46,19,205.46,205.45,205.45,33
2016-04-11 19:18:05,205.451,205.45,5,205.46,205.45,205.46,11
2016-04-11 19:18:10,205.44,205.44,7,205.44,205.44,205.44,26
2016-04-11 19:18:15,205.445,205.46,21,205.46,205.44,205.44,35
2016-04-11 19:18:20,205.455,205.45,2,205.46,205.45,205.46,2
2016-04-11 19:18:25,205.45,205.45,11,205.45,205.45,205.45,12
2016-04-11 19:18:30,205.453,205.45,2,205.46,205.45,205.46,3
2016-04-11 19:18:35,205.45,205.45,4,205.45,205.45,205.45,5
2016-04-11 19:18:40,205.433,205.43,106,205.45,205.42,205.45,326
2016-04-11 19:18:45,205.426,205.43,5,205.43,205.42,205.42,5
2016-04-11 19:18:50,205.437,205.44,22,205.45,205.42,205.42,34
2016-04-11 19:18:55,205.447,205.45,65,205.45,205.44,205.44,133
2016-04-11 19:19:00,205.442,205.44,31,205.45,205.44,205.45,136
2016-04-11 19:19:05,205.439,205.45,21,205.45,205.43,205.43,32
2016-04-11 19:19:10,205.446,205.45,12,205.45,205.44,205.45,28
2016-04-11 19:19:15,205.44,205.44,50,205.45,205.44,205.44,266
2016-04-11 19:19:20,205.445,205.45,2,205.45,205.44,205.45,2
2016-04-11 19:19:25,205.44,205.44,11,205.45,205.43,205.45,24
2016-04-11 19:19:30,205.431,205.43,4,205.44,205.43,205.43,16
2016-04-11 19:19:35,205.419,205.41,44,205.43,205.41,205.42,88
2016-04-11 19:19:40,205.426,205.42,23,205.44,205.42,205.42,37
2016-04-11 19:19:45,205.42,205.42,29,205.42,205.42,205.42,49
2016-04-11 19:19:50,205.42,205.42,2,205.43,205.42,205.42,3
2016-04-11 19:19:55,205.407,205.39,74,205.41,205.39,205.41,182
2016-04-11 19:20:00,205.388,205.38,41,205.4,205.37,205.39,95
2016-04-11 19:20:05,205.379,205.39,43,205.39,205.36,205.37,62
2016-04-11 19:20:10,205.38,205.39,10,205.39,205.38,205.38,46
2016-04-11 19:20:15,205.408,205.42,41,205.42,205.39,205.39,72
2016-04-11 19:20:20,205.425,205.43,18,205.43,205.42,205.42,36
2016-04-11 19:20:25,205.431,205.44,28,205.45,205.42,205.43,83
2016-04-11 19:20:30,205.43,205.43,5,205.43,205.43,205.43,6
2016-04-11 19:20:35,205.42,205.42,1,205.42,205.42,205.42,1
2016-04-11 19:20:40,205.43,205.43,2,205.43,205.43,205.43,2
2016-04-11 19:20:45,205.43,205.43,0,205.43,205.43,205.43,0
2016-04-11 19:20:50,205.438,205.44,30,205.46,205.43,205.43,96
2016-04-11 19:20:55,205.447,205.45,24,205.45,205.44,205.44,40
2016-04-11 19:21:00,205.457,205.46,11,205.46,205.45,205.46,20
2016-04-11 19:21:05,205.452,205.46,20,205.46,205.45,205.45,31
2016-04-11 19:21:10,205.454,205.46,7,205.46,205.45,205.45,13
2016-04-11 19:21:15,205.442,205.42,6,205.45,205.42,205.45,8
2016-04-11 19:21:20,205.422,205.42,8,205.43,205.42,205.43,9
2016-04-11 19:21:25,205.41,205.41,10,205.41,205.41,205.41,17
2016-04-11 19:21:30,205.399,205.39,7,205.41,205.39,205.41,11
2016-04-11 19:21:35,205.406,205.42,21,205.42,205.4,205.4,31
2016-04-11 19:21:40,205.408,205.41,50,205.42,205.4,205.41,83
2016-04-11 19:21:45,205.41,205.41,20,205.42,205.4,205.41,37
2016-04-11 19:21:50,205.4,205.4,22,205.4,205.4,205.4,36
2016-04-11 19:21:55,205.403,205.4,3,205.41,205.4,205.41,3
2016-04-11 19:22:00,205.391,205.39,16,205.4,205.39,205.4,34
2016-04-11 19:22:05,205.39,205.39,7,205.4,205.39,205.39,32
2016-04-11 19:22:10,205.391,205.39,14,205.4,205.38,205.39,15
2016-04-11 19:22:15,205.38,205.38,8,205.39,205.37,205.38,10
2016-04-11 19:22:20,205.37,205.37,2,205.37,205.37,205.37,2
2016-04-11 19:22:25,205.37,205.38,21,205.38,205.36,205.37,37
2016-04-11 19:22:30,205.371,205.37,72,205.38,205.37,205.37,112
2016-04-11 19:22:35,205.357,205.35,20,205.38,205.35,205.37,24
2016-04-11 19:22:40,205.363,205.38,26,205.38,205.35,205.35,34
2016-04-11 19:22:45,205.374,205.38,7,205.38,205.37,205.38,7
2016-04-11 19:22:50,205.379,205.38,17,205.38,205.37,205.38,76
2016-04-11 19:22:55,205.378,205.38,4,205.38,205.37,205.38,5
2016-04-11 19:23:00,205.374,205.38,6,205.38,205.37,205.38,21
2016-04-11 19:23:05,205.373,205.38,9,205.38,205.37,205.38,21
2016-04-11 19:23:10,205.38,205.38,4,205.38,205.38,205.38,4
2016-04-11 19:23:15,205.367,205.37,21,205.38,205.36,205.37,30
2016-04-11 19:23:20,205.368,205.37,5,205.37,205.36,205.36,5
2016-04-11 19:23:25,205.37,205.37,2,205.37,205.37,205.37,2
2016-04-11 19:23:30,205.362,205.37,98,205.38,205.36,205.38,282
2016-04-11 19:23:35,205.364,205.38,27,205.38,205.36,205.37,42
2016-04-11 19:23:40,205.38,205.38,4,205.38,205.38,205.38,4
2016-04-11 19:23:45,205.38,205.38,6,205.38,205.37,205.38,6
2016-04-11 19:23:50,205.38,205.38,0,205.38,205.37,205.38,0
2016-04-11 19:23:55,205.37,205.37,36,205.38,205.37,205.38,56
2016-04-11 19:24:00,205.368,205.36,8,205.37,205.36,205.37,11
2016-04-11 19:24:05,205.36,205.36,0,205.36,205.36,205.36,0
2016-04-11 19:24:10,205.37,205.37,10,205.37,205.37,205.37,12
2016-04-11 19:24:15,205.371,205.37,30,205.38,205.36,205.36,65
2016-04-11 19:24:20,205.362,205.36,9,205.37,205.36,205.36,19
2016-04-11 19:24:25,205.348,205.34,101,205.37,205.33,205.36,347
2016-04-11 19:24:30,205.348,205.36,27,205.36,205.34,205.34,48
2016-04-11 19:24:35,205.36,205.36,5,205.36,205.36,205.36,5
2016-04-11 19:24:40,205.35,205.36,1,205.36,205.35,205.36,1
2016-04-11 19:24:45,205.35,205.35,46,205.36,205.34,205.36,115
2016-04-11 19:24:50,205.351,205.35,8,205.36,205.35,205.35,18
2016-04-11 19:24:55,205.34,205.34,4,205.34,205.34,205.34,60
2016-04-11 19:25:00,205.34,205.34,57,205.35,205.33,205.34,177
2016-04-11 19:25:05,205.339,205.33,16,205.34,205.33,205.34,57
2016-04-11 19:25:10,205.328,205.34,68,205.34,205.32,205.33,118
2016-04-11 19:25:15,205.317,205.3,58,205.34,205.3,205.33,92
2016-04-11 19:25:20,205.3,205.3,32,205.31,205.29,205.31,72
2016-04-11 19:25:25,205.29,205.29,5,205.29,205.29,205.29,6
2016-04-11 19:25:30,205.313,205.31,46,205.34,205.29,205.3,109
2016-04-11 19:25:35,205.31,205.31,14,205.31,205.31,205.31,27
2016-04-11 19:25:40,205.312,205.32,26,205.32,205.31,205.31,47
2016-04-11 19:25:45,205.32,205.32,0,205.32,205.32,205.32,0
2016-04-11 19:25:50,205.304,205.3,27,205.32,205.3,205.32,76
2016-04-11 19:25:55,205.308,205.3,20,205.32,205.3,205.3,30
2016-04-11 19:26:00,205.299,205.3,17,205.3,205.29,205.29,20
2016-04-11 19:26:05,205.301,205.31,22,205.31,205.3,205.31,29
2016-04-11 19:26:10,205.307,205.3,54,205.31,205.29,205.31,106
2016-04-11 19:26:15,205.314,205.32,69,205.32,205.31,205.31,203
2016-04-11 19:26:20,205.32,205.31,12,205.33,205.31,205.33,23
2016-04-11 19:26:25,205.31,205.31,0,205.32,205.31,205.31,0
2016-04-11 19:26:30,205.304,205.29,67,205.32,205.29,205.31,142
2016-04-11 19:26:35,205.29,205.29,14,205.3,205.29,205.29,22
2016-04-11 19:26:40,205.271,205.24,162,205.3,205.24,205.29,364
2016-04-11 19:26:45,205.22,205.2,319,205.28,205.19,205.24,641
2016-04-11 19:26:50,205.206,205.2,106,205.22,205.2,205.2,272
2016-04-11 19:26:55,205.208,205.21,25,205.21,205.2,205.21,33
2016-04-11 19:27:00,205.209,205.21,67,205.22,205.2,205.21,107
2016-04-11 19:27:05,205.201,205.19,55,205.22,205.19,205.21,94
2016-04-11 19:27:10,205.193,205.21,92,205.21,205.18,205.19,190
2016-04-11 19:27:15,205.2,205.19,126,205.22,205.19,205.2,295
2016-04-11 19:27:20,205.19,205.2,30,205.2,205.18,205.19,40
2016-04-11 19:27:25,205.183,205.19,144,205.2,205.17,205.2,369
2016-04-11 19:27:30,205.193,205.2,60,205.2,205.18,205.19,143
2016-04-11 19:27:35,205.192,205.18,32,205.2,205.17,205.2,52
2016-04-11 19:27:40,205.174,205.17,62,205.18,205.17,205.18,150
2016-04-11 19:27:45,205.165,205.17,39,205.18,205.16,205.18,51
2016-04-11 19:27:50,205.17,205.17,4,205.17,205.17,205.17,5
2016-04-11 19:27:55,205.166,205.16,26,205.18,205.16,205.17,43
2016-04-11 19:28:00,205.16,205.15,30,205.17,205.15,205.16,49
2016-04-11 19:28:05,205.163,205.18,16,205.18,205.15,205.16,29
2016-04-11 19:28:10,205.17,205.17,49,205.17,205.17,205.17,93
2016-04-11 19:28:15,205.165,205.17,56,205.18,205.16,205.17,133
2016-04-11 19:28:20,205.171,205.17,9,205.18,205.17,205.17,50
2016-04-11 19:28:25,205.172,205.17,17,205.18,205.17,205.17,34
2016-04-11 19:28:30,205.17,205.17,15,205.18,205.16,205.17,32
2016-04-11 19:28:35,205.168,205.17,4,205.17,205.16,205.16,5
2016-04-11 19:28:40,205.17,205.18,24,205.18,205.16,205.17,30
2016-04-11 19:28:45,205.17,205.17,16,205.18,205.16,205.17,16
2016-04-11 19:28:50,205.162,205.17,35,205.18,205.15,205.17,65
2016-04-11 19:28:55,205.179,205.17,19,205.18,205.17,205.17,40
2016-04-11 19:29:00,205.164,205.17,38,205.18,205.16,205.16,82
2016-04-11 19:29:05,205.18,205.18,2,205.18,205.18,205.18,2
2016-04-11 19:29:10,205.175,205.18,15,205.18,205.17,205.17,40
2016-04-11 19:29:15,205.166,205.17,30,205.18,205.16,205.18,33
2016-04-11 19:29:20,205.167,205.17,5,205.17,205.16,205.16,7
2016-04-11 19:29:25,205.168,205.17,16,205.18,205.16,205.16,35
2016-04-11 19:29:30,205.166,205.17,21,205.17,205.16,205.17,38
2016-04-11 19:29:35,205.174,205.17,24,205.18,205.16,205.17,112
2016-04-11 19:29:40,205.18,205.18,29,205.18,205.17,205.18,73
2016-04-11 19:29:45,205.177,205.18,7,205.18,205.17,205.18,9
2016-04-11 19:29:50,205.173,205.18,3,205.18,205.17,205.18,3
2016-04-11 19:29:55,205.188,205.18,53,205.2,205.18,205.18,84
2016-04-11 19:30:00,205.173,205.16,97,205.2,205.16,205.18,212
2016-04-11 19:30:05,205.17,205.17,14,205.17,205.17,205.17,14
2016-04-11 19:30:10,205.169,205.18,22,205.18,205.16,205.17,40
2016-04-11 19:30:15,205.169,205.17,84,205.18,205.16,205.18,179
2016-04-11 19:30:20,205.172,205.17,8,205.18,205.17,205.17,15
2016-04-11 19:30:25,205.175,205.18,4,205.18,205.17,205.17,4
2016-04-11 19:30:30,205.19,205.19,76,205.2,205.17,205.17,152
2016-04-11 19:30:35,205.203,205.21,44,205.21,205.2,205.2,112
2016-04-11 19:30:40,205.203,205.2,13,205.21,205.2,205.21,20
2016-04-11 19:30:45,205.194,205.19,4,205.2,205.19,205.19,14
2016-04-11 19:30:50,205.198,205.2,11,205.2,205.19,205.2,16
2016-04-11 19:30:55,205.2,205.2,8,205.21,205.2,205.2,12
2016-04-11 19:31:00,205.215,205.2,72,205.23,205.2,205.21,169
2016-04-11 19:31:05,205.203,205.2,13,205.21,205.2,205.21,35
2016-04-11 19:31:10,205.213,205.21,122,205.23,205.19,205.2,300
2016-04-11 19:31:15,205.216,205.22,39,205.22,205.2,205.21,62
2016-04-11 19:31:20,205.22,205.22,0,205.22,205.22,205.22,0
2016-04-11 19:31:25,205.221,205.22,1,205.23,205.22,205.22,12
2016-04-11 19:31:30,205.225,205.23,11,205.23,205.22,205.22,31
2016-04-11 19:31:35,205.24,205.24,10,205.24,205.24,205.24,24
2016-04-11 19:31:40,205.249,205.25,12,205.25,205.24,205.24,22
2016-04-11 19:31:45,205.249,205.25,26,205.25,205.24,205.25,76
2016-04-11 19:31:50,205.245,205.25,1,205.25,205.24,205.25,2
2016-04-11 19:31:55,205.235,205.23,25,205.25,205.22,205.24,77
2016-04-11 19:32:00,205.23,205.23,0,205.23,205.23,205.23,0
2016-04-11 19:32:05,205.212,205.2,54,205.22,205.2,205.22,90
2016-04-11 19:32:10,205.193,205.19,86,205.21,205.19,205.21,233
2016-04-11 19:32:15,205.198,205.2,10,205.2,205.19,205.2,12
2016-04-11 19:32:20,205.195,205.2,2,205.2,205.19,205.2,2
2016-04-11 19:32:25,205.19,205.19,8,205.2,205.19,205.19,21
2016-04-11 19:32:30,205.2,205.2,1,205.2,205.19,205.2,1
2016-04-11 19:32:35,205.194,205.19,3,205.2,205.19,205.2,9
2016-04-11 19:32:40,205.19,205.19,3,205.2,205.19,205.19,12
2016-04-11 19:32:45,205.197,205.2,11,205.2,205.19,205.19,15
2016-04-11 19:32:50,205.191,205.19,28,205.2,205.19,205.2,42
2016-04-11 19:32:55,205.2,205.2,1,205.2,205.2,205.2,1
2016-04-11 19:33:00,205.2,205.2,1,205.2,205.19,205.2,1
2016-04-11 19:33:05,205.19,205.19,1,205.19,205.19,205.19,3
2016-04-11 19:33:10,205.19,205.19,0,205.19,205.19,205.19,0
2016-04-11 19:33:15,205.199,205.2,11,205.2,205.19,205.19,14
2016-04-11 19:33:20,205.197,205.19,12,205.2,205.19,205.2,21
2016-04-11 19:33:25,205.2,205.2,1,205.2,205.2,205.2,1
2016-04-11 19:33:30,205.195,205.19,2,205.2,205.19,205.2,2
2016-04-11 19:33:35,205.19,205.19,55,205.2,205.19,205.2,145
2016-04-11 19:33:40,205.193,205.19,7,205.2,205.19,205.19,7
2016-04-11 19:33:45,205.191,205.19,11,205.2,205.19,205.2,12
2016-04-11 19:33:50,205.2,205.2,1,205.2,205.2,205.2,1
2016-04-11 19:33:55,205.191,205.19,3,205.2,205.19,205.19,12
2016-04-11 19:34:00,205.19,205.19,21,205.19,205.19,205.19,27
2016-04-11 19:34:05,205.191,205.2,9,205.2,205.19,205.19,14
2016-04-11 19:34:10,205.197,205.2,3,205.2,205.19,205.19,3
2016-04-11 19:34:15,205.2,205.2,0,205.2,205.19,205.2,0
2016-04-11 19:34:20,205.19,205.19,4,205.2,205.19,205.19,5
2016-04-11 19:34:25,205.189,205.19,27,205.2,205.18,205.19,34
2016-04-11 19:34:30,205.19,205.19,1,205.19,205.19,205.19,1
2016-04-11 19:34:35,205.19,205.19,17,205.19,205.19,205.19,25
2016-04-11 19:34:40,205.176,205.18,11,205.18,205.17,205.18,19
2016-04-11 19:34:45,205.177,205.18,2,205.18,205.17,205.17,15
2016-04-11 19:34:50,205.17,205.17,23,205.18,205.17,205.18,51
2016-04-11 19:34:55,205.17,205.17,5,205.17,205.17,205.17,5
2016-04-11 19:35:00,205.167,205.16,25,205.17,205.16,205.16,35
2016-04-11 19:35:05,205.169,205.17,16,205.17,205.16,205.17,25
2016-04-11 19:35:10,205.167,205.16,4,205.17,205.16,205.17,6
2016-04-11 19:35:15,205.162,205.17,90,205.17,205.16,205.16,304
2016-04-11 19:35:20,205.17,205.17,5,205.17,205.17,205.17,5
2016-04-11 19:35:25,205.17,205.18,20,205.18,205.16,205.17,27
2016-04-11 19:35:30,205.165,205.16,4,205.17,205.16,205.17,4
2016-04-11 19:35:35,205.183,205.19,110,205.2,205.17,205.17,275
2016-04-11 19:35:40,205.202,205.21,23,205.21,205.18,205.18,54
2016-04-11 19:35:45,205.209,205.21,8,205.21,205.2,205.2,27
2016-04-11 19:35:50,205.217,205.22,15,205.23,205.21,205.21,27
2016-04-11 19:35:55,205.227,205.22,3,205.23,205.22,205.23,3
2016-04-11 19:36:00,205.227,205.22,6,205.23,205.22,205.22,30
2016-04-11 19:36:05,205.212,205.2,15,205.23,205.2,205.22,23
2016-04-11 19:36:10,205.201,205.21,10,205.21,205.2,205.2,19
2016-04-11 19:36:15,205.208,205.21,6,205.21,205.2,205.2,13
2016-04-11 19:36:20,205.212,205.22,19,205.22,205.21,205.21,58
2016-04-11 19:36:25,205.21,205.21,2,205.22,205.21,205.21,3
2016-04-11 19:36:30,205.205,205.2,1,205.21,205.2,205.2,4
2016-04-11 19:36:35,205.218,205.22,37,205.22,205.2,205.21,107
2016-04-11 19:36:40,205.213,205.21,14,205.22,205.21,205.22,18
2016-04-11 19:36:45,205.198,205.19,46,205.21,205.18,205.21,85
2016-04-11 19:36:50,205.198,205.2,4,205.2,205.19,205.2,6
2016-04-11 19:36:55,205.2,205.2,4,205.2,205.2,205.2,4
2016-04-11 19:37:00,205.2,205.2,0,205.2,205.2,205.2,0
2016-04-11 19:37:05,205.198,205.19,11,205.2,205.19,205.2,13
2016-04-11 19:37:10,205.2,205.2,5,205.2,205.2,205.2,5
2016-04-11 19:37:15,205.2,205.2,3,205.2,205.2,205.2,6
2016-04-11 19:37:20,205.201,205.2,15,205.21,205.2,205.2,15
2016-04-11 19:37:25,205.197,205.19,5,205.2,205.19,205.2,6
2016-04-11 19:37:30,205.201,205.2,13,205.21,205.2,205.2,20
2016-04-11 19:37:35,205.199,205.19,93,205.21,205.19,205.2,269
2016-04-11 19:37:40,205.242,205.26,288,205.28,205.19,205.19,614
2016-04-11 19:37:45,205.318,205.35,393,205.37,205.28,205.28,1166
2016-04-11 19:37:50,205.352,205.35,128,205.37,205.34,205.34,306
2016-04-11 19:37:55,205.327,205.33,117,205.34,205.31,205.34,266
2016-04-11 19:38:00,205.344,205.35,61,205.35,205.33,205.33,150
2016-04-11 19:38:05,205.351,205.35,62,205.36,205.35,205.35,134
2016-04-11 19:38:10,205.336,205.33,29,205.35,205.32,205.35,41
2016-04-11 19:38:15,205.322,205.31,13,205.33,205.31,205.33,25
2016-04-11 19:38:20,205.335,205.32,147,205.35,205.32,205.32,443
2016-04-11 19:38:25,205.298,205.27,71,205.31,205.27,205.31,184
2016-04-11 19:38:30,205.26,205.25,28,205.27,205.25,205.27,48
2016-04-11 19:38:35,205.263,205.25,42,205.27,205.25,205.25,72
2016-04-11 19:38:40,205.266,205.27,39,205.27,205.25,205.26,68
2016-04-11 19:38:45,205.263,205.24,26,205.28,205.24,205.27,38
2016-04-11 19:38:50,205.227,205.21,175,205.25,205.2,205.25,350
2016-04-11 19:38:55,205.189,205.19,72,205.21,205.18,205.21,165
2016-04-11 19:39:00,205.185,205.19,68,205.2,205.18,205.19,122
2016-04-11 19:39:05,205.185,205.17,15,205.2,205.17,205.19,20
2016-04-11 19:39:10,205.142,205.15,99,205.17,205.13,205.16,191
2016-04-11 19:39:15,205.143,205.14,34,205.16,205.13,205.15,55
2016-04-11 19:39:20,205.137,205.13,52,205.15,205.13,205.14,166
2016-04-11 19:39:25,205.102,205.09,254,205.13,205.08,205.12,492
2016-04-11 19:39:30,205.072,205.05,219,205.09,205.05,205.09,429
2016-04-11 19:39:35,205.06,205.06,63,205.07,205.05,205.05,121
2016-04-11 19:39:40,205.069,205.06,181,205.08,205.05,205.06,567
2016-04-11 19:39:45,205.051,205.05,17,205.07,205.05,205.06,29
2016-04-11 19:39:50,205.05,205.05,17,205.06,205.05,205.06,22
2016-04-11 19:39:55,205.055,205.07,83,205.08,205.04,205.04,179
2016-04-11 19:40:00,205.051,205.05,66,205.06,205.04,205.06,173
2016-04-11 19:40:05,205.024,204.99,216,205.05,204.99,205.04,439
2016-04-11 19:40:10,204.979,204.98,93,204.99,204.97,204.98,234
2016-04-11 19:40:15,204.961,204.95,63,204.98,204.95,204.97,143
2016-04-11 19:40:20,204.96,204.97,179,204.97,204.94,204.95,455
2016-04-11 19:40:25,204.959,204.96,16,204.96,204.95,204.96,58
2016-04-11 19:40:30,204.954,204.97,31,204.97,204.95,204.95,47
2016-04-11 19:40:35,204.985,205.01,66,205.01,204.97,204.97,105
2016-04-11 19:40:40,205.009,205.0,54,205.02,204.99,205.02,147
2016-04-11 19:40:45,205.01,205.01,24,205.01,205.0,205.01,40
2016-04-11 19:40:50,205.009,205.01,9,205.01,205.0,205.01,11
2016-04-11 19:40:55,205.0,205.01,141,205.01,204.99,205.01,1064
2016-04-11 19:41:00,205.012,205.01,10,205.02,205.01,205.01,39
2016-04-11 19:41:05,205.01,205.01,36,205.02,205.0,205.01,76
2016-04-11 19:41:10,205.015,205.02,2,205.02,205.01,205.01,2
2016-04-11 19:41:15,205.023,205.03,31,205.03,205.01,205.01,53
2016-04-11 19:41:20,205.027,205.02,24,205.04,205.02,205.04,63
2016-04-11 19:41:25,205.018,205.02,3,205.02,205.01,205.02,4
2016-04-11 19:41:30,205.02,205.02,15,205.03,205.01,205.01,20
2016-04-11 19:41:35,205.025,205.04,5,205.04,205.02,205.02,10
2016-04-11 19:41:40,205.04,205.04,0,205.04,205.04,205.04,0
2016-04-11 19:41:45,205.049,205.06,124,205.06,205.03,205.04,445
2016-04-11 19:41:50,205.05,205.05,30,205.06,205.04,205.05,69
2016-04-11 19:41:55,205.054,205.06,10,205.06,205.05,205.05,22
2016-04-11 19:42:00,205.067,205.06,102,205.07,205.05,205.06,307
2016-04-11 19:42:05,205.08,205.09,14,205.09,205.07,205.07,36
2016-04-11 19:42:10,205.089,205.09,19,205.1,205.08,205.09,137
2016-04-11 19:42:15,205.09,205.09,1,205.09,205.09,205.09,1
2016-04-11 19:42:20,205.071,205.08,16,205.08,205.07,205.08,22
2016-04-11 19:42:25,205.071,205.08,9,205.08,205.07,205.07,34
2016-04-11 19:42:30,205.077,205.08,12,205.08,205.07,205.08,40
2016-04-11 19:42:35,205.078,205.08,11,205.08,205.07,205.08,12
2016-04-11 19:42:40,205.073,205.07,27,205.08,205.06,205.08,67
2016-04-11 19:42:45,205.07,205.07,2,205.07,205.07,205.07,2
2016-04-11 19:42:50,205.067,205.06,21,205.08,205.06,205.08,43
2016-04-11 19:42:55,205.064,205.06,7,205.07,205.06,205.06,9
2016-04-11 19:43:00,205.073,205.08,7,205.08,205.07,205.07,12
2016-04-11 19:43:05,205.081,205.09,4,205.09,205.08,205.08,8
2016-04-11 19:43:10,205.091,205.09,28,205.1,205.08,205.09,59
2016-04-11 19:43:15,205.083,205.08,16,205.09,205.07,205.09,42
2016-04-11 19:43:20,205.096,205.09,65,205.1,205.08,205.08,128
2016-04-11 19:43:25,205.095,205.09,2,205.1,205.09,205.09,2
2016-04-11 19:43:30,205.107,205.1,20,205.11,205.1,205.11,37
2016-04-11 19:43:35,205.1,205.1,5,205.11,205.1,205.1,6
2016-04-11 19:43:40,205.073,205.08,28,205.09,205.07,205.09,49
2016-04-11 19:43:45,205.08,205.08,0,205.08,205.08,205.08,0
2016-04-11 19:43:50,205.074,205.06,15,205.08,205.06,205.08,25
2016-04-11 19:43:55,205.076,205.08,9,205.08,205.07,205.07,10
2016-04-11 19:44:00,205.076,205.08,30,205.08,205.07,205.08,85
2016-04-11 19:44:05,205.077,205.07,9,205.08,205.07,205.08,12
2016-04-11 19:44:10,205.086,205.1,33,205.1,205.08,205.08,51
2016-04-11 19:44:15,205.101,205.08,23,205.11,205.08,205.11,47
2016-04-11 19:44:20,205.098,205.11,129,205.13,205.09,205.09,227
2016-04-11 19:44:25,205.116,205.12,50,205.12,205.11,205.11,119
2016-04-11 19:44:30,205.114,205.11,14,205.12,205.1,205.12,22
2016-04-11 19:44:35,205.112,205.11,15,205.12,205.11,205.11,22
2016-04-11 19:44:40,205.098,205.09,6,205.11,205.09,205.11,6
2016-04-11 19:44:45,205.11,205.12,45,205.13,205.09,205.1,107
2016-04-11 19:44:50,205.118,205.11,3,205.12,205.1,205.12,28
2016-04-11 19:44:55,205.104,205.1,1,205.11,205.1,205.1,5
2016-04-11 19:45:00,205.107,205.11,22,205.11,205.1,205.1,73
2016-04-11 19:45:05,205.1,205.1,4,205.1,205.1,205.1,7
2016-04-11 19:45:10,205.093,205.1,12,205.1,205.08,205.1,15
2016-04-11 19:45:15,205.098,205.09,24,205.11,205.09,205.11,45
2016-04-11 19:45:20,205.09,205.09,16,205.1,205.08,205.1,24
2016-04-11 19:45:25,205.108,205.11,5,205.11,205.1,205.1,5
2016-04-11 19:45:30,205.11,205.11,5,205.12,205.11,205.11,5
2016-04-11 19:45:35,205.12,205.12,52,205.12,205.11,205.12,150
2016-04-11 19:45:40,205.105,205.1,14,205.12,205.1,205.12,37
2016-04-11 19:45:45,205.107,205.11,8,205.11,205.1,205.1,25
2016-04-11 19:45:50,205.11,205.11,3,205.11,205.11,205.11,4
2016-04-11 19:45:55,205.11,205.11,8,205.11,205.11,205.11,17
2016-04-11 19:46:00,205.109,205.1,3,205.11,205.1,205.11,15
2016-04-11 19:46:05,205.097,205.09,29,205.1,205.09,205.1,83
2016-04-11 19:46:10,205.063,205.06,77,205.09,205.05,205.09,148
2016-04-11 19:46:15,205.051,205.05,8,205.06,205.05,205.05,26
2016-04-11 19:46:20,205.051,205.05,37,205.06,205.05,205.05,47
2016-04-11 19:46:25,205.061,205.07,15,205.07,205.05,205.05,28
2016-04-11 19:46:30,205.058,205.05,8,205.07,205.05,205.07,8
2016-04-11 19:46:35,205.052,205.05,7,205.06,205.05,205.05,13
2016-04-11 19:46:40,205.05,205.05,1,205.06,205.05,205.05,1
2016-04-11 19:46:45,205.058,205.06,5,205.06,205.05,205.06,5
2016-04-11 19:46:50,205.075,205.08,14,205.08,205.06,205.07,19
2016-04-11 19:46:55,205.086,205.08,3,205.09,205.08,205.08,5
2016-04-11 19:47:00,205.075,205.08,13,205.08,205.07,205.08,24
2016-04-11 19:47:05,205.078,205.08,7,205.08,205.07,205.07,8
2016-04-11 19:47:10,205.085,205.07,11,205.09,205.07,205.08,52
2016-04-11 19:47:15,205.07,205.07,3,205.07,205.07,205.07,3
2016-04-11 19:47:20,205.069,205.06,14,205.07,205.06,205.07,17
2016-04-11 19:47:25,205.066,205.06,31,205.07,205.05,205.06,195
2016-04-11 19:47:30,205.053,205.05,6,205.06,205.05,205.05,10
2016-04-11 19:47:35,205.046,205.05,28,205.05,205.04,205.05,35
2016-04-11 19:47:40,205.053,205.06,23,205.06,205.04,205.04,28
2016-04-11 19:47:45,205.068,205.06,29,205.08,205.06,205.07,48
2016-04-11 19:47:50,205.045,205.04,11,205.05,205.04,205.05,18
2016-04-11 19:47:55,205.037,205.03,18,205.04,205.03,205.04,42
2016-04-11 19:48:00,205.025,205.03,2,205.03,205.02,205.02,2
2016-04-11 19:48:05,205.019,205.02,38,205.03,205.01,205.03,47
2016-04-11 19:48:10,205.008,205.03,16,205.03,205.0,205.01,22
2016-04-11 19:48:15,205.028,205.02,15,205.04,205.02,205.03,21
2016-04-11 19:48:20,205.02,205.02,10,205.03,205.02,205.02,10
2016-04-11 19:48:25,204.996,205.01,63,205.01,204.99,205.01,119
2016-04-11 19:48:30,205.003,205.01,10,205.01,205.0,205.0,33
2016-04-11 19:48:35,205.004,205.01,17,205.01,205.0,205.01,20
2016-04-11 19:48:40,205.01,205.01,0,205.01,205.01,205.01,0
2016-04-11 19:48:45,205.009,205.0,42,205.02,205.0,205.01,71
2016-04-11 19:48:50,205.011,205.02,6,205.02,205.01,205.01,11
2016-04-11 19:48:55,205.02,205.02,62,205.03,205.01,205.02,95
2016-04-11 19:49:00,205.017,205.03,28,205.03,205.01,205.01,48
2016-04-11 19:49:05,205.021,205.02,17,205.03,205.02,205.03,23
2016-04-11 19:49:10,205.022,205.03,111,205.03,205.02,205.02,173
2016-04-11 19:49:15,205.02,205.02,9,205.02,205.02,205.02,9
2016-04-11 19:49:20,205.015,205.01,11,205.02,205.01,205.02,11
2016-04-11 19:49:25,205.003,205.0,2,205.01,205.0,205.0,26
2016-04-11 19:49:30,205.002,205.0,9,205.01,205.0,205.01,11
2016-04-11 19:49:35,205.0,205.0,6,205.0,205.0,205.0,14
2016-04-11 19:49:40,205.0,205.0,2,205.0,205.0,205.0,2
2016-04-11 19:49:45,205.014,205.03,36,205.03,205.0,205.0,56
2016-04-11 19:49:50,205.053,205.08,62,205.08,205.03,205.03,124
2016-04-11 19:49:55,205.076,205.09,62,205.1,205.07,205.07,171
2016-04-11 19:50:00,205.088,205.09,33,205.1,205.08,205.1,71
2016-04-11 19:50:05,205.092,205.09,15,205.1,205.09,205.09,27
2016-04-11 19:50:10,205.09,205.09,10,205.1,205.09,205.09,63
2016-04-11 19:50:15,205.098,205.1,69,205.1,205.09,205.09,149
2016-04-11 19:50:20,205.099,205.1,32,205.1,205.09,205.1,71
2016-04-11 19:50:25,205.104,205.11,38,205.11,205.09,205.11,58
2016-04-11 19:50:30,205.096,205.08,72,205.11,205.08,205.11,143
2016-04-11 19:50:35,205.083,205.08,3,205.1,205.07,205.1,14
2016-04-11 19:50:40,205.065,205.06,77,205.07,205.06,205.07,126
2016-04-11 19:50:45,205.049,205.04,54,205.05,205.04,205.05,93
2016-04-11 19:50:50,205.058,205.06,32,205.07,205.05,205.05,64
2016-04-11 19:50:55,205.073,205.08,7,205.08,205.07,205.07,16
2016-04-11 19:51:00,205.078,205.07,5,205.09,205.07,205.09,6
2016-04-11 19:51:05,205.058,205.05,9,205.07,205.05,205.07,12
2016-04-11 19:51:10,205.06,205.06,2,205.06,205.06,205.06,2
2016-04-11 19:51:15,205.06,205.06,0,205.06,205.06,205.06,0
2016-04-11 19:51:20,205.05,205.05,7,205.05,205.05,205.05,52
2016-04-11 19:51:25,205.048,205.04,13,205.05,205.04,205.05,63
2016-04-11 19:51:30,205.049,205.05,10,205.05,205.04,205.05,13
2016-04-11 19:51:35,205.061,205.08,13,205.08,205.06,205.06,25
2016-04-11 19:51:40,205.077,205.07,7,205.08,205.07,205.08,10
2016-04-11 19:51:45,205.09,205.09,1,205.09,205.09,205.09,1
2016-04-11 19:51:50,205.07,205.07,7,205.07,205.07,205.07,7
2016-04-11 19:51:55,205.078,205.07,17,205.08,205.07,205.07,33
2016-04-11 19:52:00,205.072,205.08,7,205.08,205.07,205.07,10
2016-04-11 19:52:05,205.07,205.07,1,205.08,205.07,205.07,1
2016-04-11 19:52:10,205.064,205.05,45,205.08,205.04,205.07,60
2016-04-11 19:52:15,205.053,205.05,15,205.06,205.04,205.05,54
2016-04-11 19:52:20,205.061,205.07,48,205.07,205.05,205.05,279
2016-04-11 19:52:25,205.064,205.08,14,205.08,205.05,205.07,25
2016-04-11 19:52:30,205.1,205.11,86,205.11,205.08,205.08,178
2016-04-11 19:52:35,205.112,205.09,22,205.12,205.09,205.11,44
2016-04-11 19:52:40,205.088,205.09,19,205.09,205.08,205.09,25
2016-04-11 19:52:45,205.08,205.08,3,205.08,205.08,205.08,4
2016-04-11 19:52:50,205.085,205.08,1,205.09,205.08,205.08,2
2016-04-11 19:52:55,205.07,205.06,16,205.08,205.06,205.08,16
2016-04-11 19:53:00,205.032,205.0,105,205.05,205.0,205.05,226
2016-04-11 19:53:05,205.0,205.0,5,205.01,205.0,205.0,17
2016-04-11 19:53:10,205.013,205.01,45,205.02,205.0,205.01,57
2016-04-11 19:53:15,205.002,205.0,8,205.01,205.0,205.01,13
2016-04-11 19:53:20,205.007,205.01,13,205.01,205.0,205.0,18
2016-04-11 19:53:25,205.012,205.02,5,205.02,205.01,205.01,6
2016-04-11 19:53:30,205.01,205.01,1,205.01,205.01,205.01,1
2016-04-11 19:53:35,205.01,205.01,1,205.01,205.01,205.01,2
2016-04-11 19:53:40,205.023,205.02,25,205.03,205.01,205.01,38
2016-04-11 19:53:45,205.022,205.03,20,205.03,205.02,205.02,65
2016-04-11 19:53:50,205.02,205.03,59,205.03,205.02,205.03,112
2016-04-11 19:53:55,205.02,205.02,1,205.03,205.02,205.02,1
2016-04-11 19:54:00,205.018,205.01,14,205.04,205.0,205.03,47
2016-04-11 19:54:05,205.01,205.01,1,205.01,205.0,205.01,1
2016-04-11 19:54:10,204.999,205.0,79,205.0,204.99,205.0,269
2016-04-11 19:54:15,204.994,204.99,48,205.01,204.98,205.0,133
2016-04-11 19:54:20,204.98,204.98,1,204.99,204.98,204.98,1
2016-04-11 19:54:25,204.988,204.99,5,204.99,204.98,204.98,6
2016-04-11 19:54:30,204.98,204.98,11,204.99,204.98,204.98,31
2016-04-11 19:54:35,204.992,205.0,16,205.0,204.98,204.98,20
2016-04-11 19:54:40,205.0,205.0,8,205.0,205.0,205.0,18
2016-04-11 19:54:45,205.005,205.01,4,205.01,205.0,205.0,4
2016-04-11 19:54:50,205.01,205.01,1,205.01,205.01,205.01,1
2016-04-11 19:54:55,205.017,205.01,27,205.03,205.01,205.01,39
2016-04-11 19:55:00,205.01,205.01,23,205.01,205.0,205.01,40
2016-04-11 19:55:05,205.01,205.01,8,205.01,205.01,205.01,9
2016-04-11 19:55:10,205.01,205.01,0,205.01,205.01,205.01,0
2016-04-11 19:55:15,205.01,205.01,11,205.01,205.0,205.01,15
2016-04-11 19:55:20,205.021,205.03,18,205.04,205.01,205.01,35
2016-04-11 19:55:25,205.051,205.05,38,205.06,205.04,205.04,74
2016-04-11 19:55:30,205.06,205.06,9,205.06,205.05,205.06,11
2016-04-11 19:55:35,205.058,205.05,22,205.06,205.05,205.06,31
2016-04-11 19:55:40,205.05,205.06,15,205.06,205.04,205.05,36
2016-04-11 19:55:45,205.056,205.05,6,205.06,205.05,205.06,34
2016-04-11 19:55:50,205.1,205.1,102,205.12,205.05,205.06,351
2016-04-11 19:55:55,205.118,205.13,68,205.13,205.1,205.12,148
2016-04-11 19:56:00,205.129,205.13,10,205.13,205.12,205.12,23
2016-04-11 19:56:05,205.109,205.1,52,205.13,205.09,205.13,90
2016-04-11 19:56:10,205.101,205.11,20,205.11,205.1,205.1,34
2016-04-11 19:56:15,205.086,205.06,67,205.11,205.06,205.11,88
2016-04-11 19:56:20,205.065,205.07,21,205.08,205.05,205.05,28
2016-04-11 19:56:25,205.075,205.08,2,205.08,205.07,205.07,11
2016-04-11 19:56:30,205.078,205.09,15,205.09,205.07,205.07,26
2016-04-11 19:56:35,205.077,205.08,9,205.08,205.07,205.08,18
2016-04-11 19:56:40,205.076,205.09,7,205.09,205.07,205.08,8
2016-04-11 19:56:45,205.08,205.08,2,205.08,205.08,205.08,2
2016-04-11 19:56:50,205.089,205.09,21,205.09,205.08,205.08,35
2016-04-11 19:56:55,205.082,205.08,8,205.09,205.08,205.09,14
2016-04-11 19:57:00,205.048,205.05,73,205.07,205.03,205.07,196
2016-04-11 19:57:05,205.017,205.01,22,205.03,205.0,205.03,38
2016-04-11 19:57:10,205.016,205.03,38,205.03,205.0,205.01,67
2016-04-11 19:57:15,205.03,205.03,4,205.03,205.03,205.03,5
2016-04-11 19:57:20,205.038,205.04,25,205.04,205.03,205.03,31
2016-04-11 19:57:25,205.04,205.05,20,205.05,205.03,205.03,38
2016-04-11 19:57:30,205.049,205.04,7,205.05,205.04,205.05,7
2016-04-11 19:57:35,205.041,205.04,6,205.05,205.04,205.05,8
2016-04-11 19:57:40,205.03,205.03,2,205.04,205.03,205.03,2
2016-04-11 19:57:45,205.03,205.03,12,205.03,205.03,205.03,14
2016-04-11 19:57:50,205.05,205.05,55,205.07,205.04,205.04,98
2016-04-11 19:57:55,205.05,205.05,2,205.05,205.05,205.05,6
2016-04-11 19:58:00,205.055,205.05,4,205.06,205.05,205.06,4
2016-04-11 19:58:05,205.04,205.05,15,205.05,205.04,205.04,21
2016-04-11 19:58:10,205.045,205.03,3,205.05,205.03,205.05,8
2016-04-11 19:58:15,205.031,205.03,14,205.04,205.02,205.02,47
2016-04-11 19:58:20,205.015,205.0,250,205.04,205.0,205.04,789
2016-04-11 19:58:25,205.001,205.02,10,205.02,204.99,205.0,63
2016-04-11 19:58:30,205.012,205.03,6,205.03,205.01,205.01,36
2016-04-11 19:58:35,205.021,205.02,14,205.03,205.01,205.03,24
2016-04-11 19:58:40,205.013,205.01,3,205.02,205.01,205.02,4
2016-04-11 19:58:45,205.019,205.01,38,205.02,205.01,205.02,63
2016-04-11 19:58:50,205.0,205.0,2,205.0,205.0,205.0,2
2016-04-11 19:58:55,205.0,205.0,14,205.01,205.0,205.0,58
2016-04-11 19:59:00,205.007,205.0,14,205.01,205.0,205.0,47
2016-04-11 19:59:05,205.01,205.01,34,205.03,205.0,205.0,118
2016-04-11 19:59:10,205.015,205.03,72,205.03,205.0,205.01,139
2016-04-11 19:59:15,205.032,205.03,19,205.04,205.02,205.03,36
2016-04-11 19:59:20,205.023,205.02,7,205.03,205.02,205.02,11
2016-04-11 19:59:25,205.03,205.03,1,205.03,205.03,205.03,1
2016-04-11 19:59:30,205.045,205.05,20,205.06,205.03,205.03,98
2016-04-11 19:59:35,205.053,205.05,21,205.06,205.05,205.06,25
2016-04-11 19:59:40,205.045,205.05,52,205.05,205.03,205.05,84
2016-04-11 19:59:45,205.05,205.05,0,205.05,205.05,205.05,0
2016-04-11 19:59:50,205.047,205.05,6,205.05,205.04,205.05,6
2016-04-11 19:59:55,205.045,205.05,37,205.05,205.04,205.04,78
2016-04-11 20:00:00,205.074,205.07,82,205.08,205.06,205.06,128
2016-04-11 20:00:05,205.1,205.12,210,205.13,205.07,205.07,475
2016-04-11 20:00:10,205.122,205.11,83,205.13,205.11,205.13,151
2016-04-11 20:00:15,205.113,205.1,87,205.13,205.1,205.11,202
2016-04-11 20:00:20,205.105,205.11,6,205.11,205.1,205.11,51
2016-04-11 20:00:25,205.103,205.1,3,205.11,205.1,205.11,10
2016-04-11 20:00:30,205.116,205.12,16,205.13,205.11,205.11,19
2016-04-11 20:00:35,205.121,205.12,6,205.13,205.12,205.12,40
2016-04-11 20:00:40,205.108,205.11,20,205.13,205.1,205.13,75
2016-04-11 20:00:45,205.104,205.11,4,205.11,205.1,205.11,5
2016-04-11 20:00:50,205.11,205.11,6,205.11,205.11,205.11,10
2016-04-11 20:00:55,205.123,205.13,11,205.13,205.12,205.12,13
2016-04-11 20:01:00,205.144,205.15,82,205.16,205.13,205.13,230
2016-04-11 20:01:05,205.159,205.16,9,205.16,205.15,205.15,32
2016-04-11 20:01:10,205.198,205.21,128,205.21,205.16,205.16,456
2016-04-11 20:01:15,205.187,205.18,27,205.2,205.17,205.2,67
2016-04-11 20:01:20,205.174,205.17,9,205.18,205.17,205.17,25
2016-04-11 20:01:25,205.181,205.18,71,205.19,205.17,205.17,121
2016-04-11 20:01:30,205.194,205.18,19,205.2,205.18,205.19,31
2016-04-11 20:01:35,205.183,205.2,17,205.2,205.17,205.18,21
2016-04-11 20:01:40,205.185,205.18,33,205.2,205.18,205.19,45
2016-04-11 20:01:45,205.189,205.2,22,205.2,205.17,205.17,32
2016-04-11 20:01:50,205.205,205.21,21,205.21,205.19,205.2,46
2016-04-11 20:01:55,205.213,205.2,97,205.23,205.19,205.2,218
2016-04-11 20:02:00,205.189,205.19,34,205.2,205.18,205.19,111
2016-04-11 20:02:05,205.213,205.21,149,205.22,205.18,205.18,441
2016-04-11 20:02:10,205.234,205.26,147,205.27,205.21,205.21,290
2016-04-11 20:02:15,205.246,205.21,103,205.27,205.21,205.25,184
2016-04-11 20:02:20,205.212,205.22,5,205.22,205.21,205.21,5
2016-04-11 20:02:25,205.231,205.22,24,205.24,205.22,205.23,56
2016-04-11 20:02:30,205.223,205.22,5,205.23,205.22,205.22,28
2016-04-11 20:02:35,205.209,205.2,51,205.22,205.19,205.22,78
2016-04-11 20:02:40,205.197,205.19,4,205.2,205.19,205.2,4
2016-04-11 20:02:45,205.2,205.2,2,205.2,205.2,205.2,2
2016-04-11 20:02:50,205.211,205.21,24,205.22,205.21,205.21,37
2016-04-11 20:02:55,205.2,205.2,9,205.2,205.2,205.2,10
2016-04-11 20:03:00,205.137,205.14,121,205.19,205.11,205.19,253
2016-04-11 20:03:05,205.137,205.12,16,205.14,205.12,205.14,24
2016-04-11 20:03:10,205.121,205.12,56,205.13,205.12,205.13,67
2016-04-11 20:03:15,205.12,205.12,38,205.13,205.11,205.12,72
2016-04-11 20:03:20,205.11,205.11,12,205.12,205.1,205.12,27
2016-04-11 20:03:25,205.109,205.1,33,205.11,205.1,205.1,45
2016-04-11 20:03:30,205.107,205.1,2,205.11,205.1,205.11,3
2016-04-11 20:03:35,205.11,205.11,7,205.11,205.11,205.11,7
2016-04-11 20:03:40,205.103,205.11,5,205.11,205.1,205.1,11
2016-04-11 20:03:45,205.101,205.1,55,205.11,205.1,205.11,84
2016-04-11 20:03:50,205.11,205.12,36,205.12,205.09,205.1,82
2016-04-11 20:03:55,205.13,205.13,1,205.13,205.13,205.13,1
2016-04-11 20:04:00,205.126,205.13,30,205.14,205.12,205.13,72
2016-04-11 20:04:05,205.129,205.13,9,205.14,205.12,205.13,11
2016-04-11 20:04:10,205.122,205.11,17,205.13,205.11,205.13,26
2016-04-11 20:04:15,205.058,205.05,39,205.11,205.05,205.11,133
2016-04-11 20:04:20,205.048,205.06,63,205.06,205.03,205.05,135
2016-04-11 20:04:25,205.036,205.03,38,205.05,205.03,205.05,52
2016-04-11 20:04:30,205.015,205.01,61,205.03,205.01,205.02,168
2016-04-11 20:04:35,205.003,205.01,118,205.02,204.99,205.01,292
2016-04-11 20:04:40,205.003,205.0,32,205.01,204.99,205.0,64
2016-04-11 20:04:45,204.986,204.98,41,205.0,204.97,205.0,101
2016-04-11 20:04:50,204.987,204.99,40,204.99,204.98,204.98,69
2016-04-11 20:04:55,204.951,204.91,184,204.99,204.91,204.99,356
2016-04-11 20:05:00,204.924,204.96,168,204.96,204.9,204.91,344
2016-04-11 20:05:05,204.951,204.95,24,204.96,204.95,204.95,116
2016-04-11 20:05:10,204.993,204.98,124,205.01,204.95,204.95,266
2016-04-11 20:05:15,204.976,204.97,13,204.99,204.97,204.98,26
2016-04-11 20:05:20,204.994,204.99,15,205.0,204.98,204.98,17
2016-04-11 20:05:25,204.991,205.0,58,205.0,204.98,204.99,90
2016-04-11 20:05:30,205.001,205.01,6,205.01,205.0,205.0,8
2016-04-11 20:05:35,204.996,204.99,16,205.01,204.99,205.01,20
2016-04-11 20:05:40,204.98,204.98,3,204.99,204.98,204.98,4
2016-04-11 20:05:45,204.992,204.99,7,205.0,204.99,204.99,13
2016-04-11 20:05:50,204.992,204.99,108,205.01,204.98,205.0,193
2016-04-11 20:05:55,204.986,204.98,10,204.99,204.98,204.99,13
2016-04-11 20:06:00,204.988,204.99,11,204.99,204.98,204.99,16
2016-04-11 20:06:05,205.007,205.01,38,205.02,204.99,204.99,81
2016-04-11 20:06:10,205.0,205.0,19,205.0,204.99,205.0,43
2016-04-11 20:06:15,205.006,205.01,4,205.01,205.0,205.0,5
2016-04-11 20:06:20,205.0,204.99,102,205.01,204.99,205.01,416
2016-04-11 20:06:25,204.978,204.98,65,204.99,204.97,204.98,82
2016-04-11 20:06:30,204.962,204.95,16,204.97,204.95,204.96,25
2016-04-11 20:06:35,204.97,204.97,28,204.98,204.96,204.96,52
2016-04-11 20:06:40,204.964,204.94,44,204.97,204.94,204.97,129
2016-04-11 20:06:45,204.935,204.94,32,204.94,204.92,204.94,55
2016-04-11 20:06:50,204.94,204.95,32,204.95,204.93,204.94,70
2016-04-11 20:06:55,204.959,204.96,10,204.97,204.93,204.94,14
2016-04-11 20:07:00,204.955,204.95,45,204.97,204.94,204.95,77
2016-04-11 20:07:05,204.942,204.95,11,204.95,204.94,204.95,13
2016-04-11 20:07:10,204.969,204.98,9,204.98,204.96,204.96,11
2016-04-11 20:07:15,204.972,204.98,9,204.98,204.97,204.98,28
2016-04-11 20:07:20,204.97,204.97,16,204.98,204.97,204.98,68
2016-04-11 20:07:25,204.97,204.97,3,204.97,204.97,204.97,3
2016-04-11 20:07:30,204.968,204.96,20,204.97,204.96,204.97,30
2016-04-11 20:07:35,204.936,204.92,42,204.96,204.92,204.96,65
2016-04-11 20:07:40,204.939,204.95,23,204.95,204.93,204.93,44
2016-04-11 20:07:45,204.967,204.96,14,204.97,204.95,204.96,61
2016-04-11 20:07:50,204.958,204.96,4,204.96,204.95,204.95,6
2016-04-11 20:07:55,204.957,204.96,11,204.96,204.95,204.95,23
2016-04-11 20:08:00,204.94,204.92,35,204.95,204.92,204.95,51
2016-04-11 20:08:05,204.913,204.91,52,204.93,204.91,204.92,128
2016-04-11 20:08:10,204.915,204.91,19,204.92,204.9,204.91,26
2016-04-11 20:08:15,204.902,204.91,109,204.92,204.9,204.9,345
2016-04-11 20:08:20,204.901,204.9,183,204.91,204.89,204.91,770
2016-04-11 20:08:25,204.901,204.9,80,204.92,204.89,204.9,243
2016-04-11 20:08:30,204.914,204.91,20,204.92,204.9,204.91,36
2016-04-11 20:08:35,204.917,204.92,7,204.92,204.91,204.92,16
2016-04-11 20:08:40,204.922,204.94,47,204.94,204.92,204.93,63
2016-04-11 20:08:45,204.897,204.89,98,204.93,204.87,204.93,155
2016-04-11 20:08:50,204.901,204.91,18,204.91,204.89,204.89,48
2016-04-11 20:08:55,204.908,204.91,8,204.91,204.9,204.9,13
2016-04-11 20:09:00,204.885,204.88,56,204.91,204.87,204.91,103
2016-04-11 20:09:05,204.89,204.89,19,204.89,204.88,204.89,26
2016-04-11 20:09:10,204.837,204.84,400,204.88,204.81,204.88,934
2016-04-11 20:09:15,204.837,204.84,38,204.84,204.81,204.84,134
2016-04-11 20:09:20,204.835,204.83,29,204.84,204.83,204.84,62
2016-04-11 20:09:25,204.856,204.86,19,204.87,204.84,204.84,22
2016-04-11 20:09:30,204.87,204.87,24,204.87,204.87,204.87,44
2016-04-11 20:09:35,204.86,204.86,30,204.86,204.85,204.86,35
2016-04-11 20:09:40,204.864,204.89,35,204.89,204.86,204.86,45
2016-04-11 20:09:45,204.883,204.88,44,204.89,204.87,204.89,69
2016-04-11 20:09:50,204.863,204.86,21,204.87,204.85,204.87,23
2016-04-11 20:09:55,204.86,204.86,1,204.86,204.86,204.86,1
2016-04-11 20:10:00,204.861,204.88,188,204.88,204.83,204.86,376
2016-04-11 20:10:05,204.882,204.9,169,204.91,204.85,204.86,414
2016-04-11 20:10:10,204.917,204.92,16,204.92,204.91,204.91,69
2016-04-11 20:10:15,204.926,204.94,30,204.94,204.91,204.92,46
2016-04-11 20:10:20,204.966,204.97,175,204.99,204.93,204.94,405
2016-04-11 20:10:25,204.962,204.97,29,204.97,204.95,204.96,52
2016-04-11 20:10:30,204.993,205.0,46,205.0,204.98,204.98,86
2016-04-11 20:10:35,204.997,204.99,72,205.0,204.98,204.99,155
2016-04-11 20:10:40,204.962,204.95,103,204.98,204.94,204.97,309
2016-04-11 20:10:45,204.951,204.94,12,204.96,204.94,204.95,14
2016-04-11 20:10:50,204.925,204.92,2,204.93,204.92,204.93,2
2016-04-11 20:10:55,204.927,204.93,11,204.93,204.92,204.92,16
2016-04-11 20:11:00,204.923,204.92,3,204.93,204.92,204.93,3
2016-04-11 20:11:05,204.92,204.92,7,204.92,204.92,204.92,7
2016-04-11 20:11:10,204.922,204.93,10,204.93,204.92,204.92,14
2016-04-11 20:11:15,204.924,204.93,7,204.93,204.92,204.93,12
2016-04-11 20:11:20,204.922,204.92,5,204.93,204.92,204.92,5
2016-04-11 20:11:25,204.918,204.91,68,204.93,204.9,204.92,196
2016-04-11 20:11:30,204.9,204.9,22,204.91,204.9,204.9,25
2016-04-11 20:11:35,204.9,204.9,2,204.9,204.9,204.9,2
2016-04-11 20:11:40,204.901,204.9,18,204.91,204.89,204.9,23
2016-04-11 20:11:45,204.91,204.91,1,204.91,204.91,204.91,1
2016-04-11 20:11:50,204.909,204.91,2,204.91,204.9,204.91,18
2016-04-11 20:11:55,204.901,204.9,10,204.91,204.89,204.9,16
2016-04-11 20:12:00,204.9,204.9,16,204.91,204.89,204.9,24
2016-04-11 20:12:05,204.906,204.9,3,204.91,204.9,204.9,8
2016-04-11 20:12:10,204.925,204.93,29,204.93,204.91,204.91,33
2016-04-11 20:12:15,204.926,204.93,4,204.93,204.92,204.92,5
2016-04-11 20:12:20,204.92,204.92,1,204.92,204.92,204.92,2
2016-04-11 20:12:25,204.941,204.95,24,204.96,204.93,204.93,36
2016-04-11 20:12:30,204.953,204.95,3,204.96,204.95,204.95,3
2016-04-11 20:12:35,204.955,204.95,3,204.96,204.95,204.96,4
2016-04-11 20:12:40,204.96,204.96,7,204.96,204.96,204.96,21
2016-04-11 20:12:45,204.96,204.96,1,204.96,204.95,204.96,1
2016-04-11 20:12:50,204.951,204.96,70,204.96,204.94,204.96,95
2016-04-11 20:12:55,204.945,204.94,5,204.95,204.94,204.95,6
2016-04-11 20:13:00,204.947,204.95,3,204.95,204.94,204.95,3
2016-04-11 20:13:05,204.944,204.94,42,204.95,204.94,204.94,96
2016-04-11 20:13:10,204.949,204.96,13,204.96,204.94,204.94,21
2016-04-11 20:13:15,204.952,204.95,48,204.96,204.95,204.96,73
2016-04-11 20:13:20,204.95,204.95,61,204.95,204.95,204.95,95
2016-04-11 20:13:25,204.946,204.95,8,204.95,204.94,204.95,11
2016-04-11 20:13:30,204.95,204.95,13,204.95,204.95,204.95,21
2016-04-11 20:13:35,204.968,205.0,182,205.0,204.94,204.94,416
2016-04-11 20:13:40,204.986,204.98,39,205.0,204.97,205.0,90
2016-04-11 20:13:45,204.991,205.0,160,205.0,204.97,204.98,347
2016-04-11 20:13:50,205.0,205.0,83,205.01,204.99,204.99,201
2016-04-11 20:13:55,204.995,204.99,24,205.0,204.99,205.0,45
2016-04-11 20:14:00,204.96,204.94,198,204.98,204.94,204.98,646
2016-04-11 20:14:05,204.951,204.96,99,204.97,204.93,204.93,201
2016-04-11 20:14:10,204.943,204.95,34,204.95,204.94,204.95,96
2016-04-11 20:14:15,204.953,204.95,16,204.96,204.95,204.95,55
2016-04-11 20:14:20,204.947,204.96,63,204.96,204.94,204.95,122
2016-04-11 20:14:25,204.957,204.96,5,204.96,204.95,204.95,7
2016-04-11 20:14:30,204.937,204.95,79,204.96,204.91,204.96,182
2016-04-11 20:14:35,204.95,204.95,0,204.96,204.95,204.95,0
2016-04-11 20:14:40,204.91,204.9,18,204.91,204.9,204.91,36
2016-04-11 20:14:45,204.91,204.91,1,204.91,204.9,204.91,1
2016-04-11 20:14:50,204.9,204.9,50,204.91,204.9,204.9,113
2016-04-11 20:14:55,204.9,204.89,19,204.91,204.89,204.91,25
2016-04-11 20:15:00,204.881,204.88,69,204.89,204.87,204.89,117
2016-04-11 20:15:05,204.82,204.8,231,204.87,204.8,204.87,760
2016-04-11 20:15:10,204.816,204.83,92,204.84,204.81,204.81,159
2016-04-11 20:15:15,204.825,204.83,42,204.83,204.82,204.83,58
2016-04-11 20:15:20,204.831,204.83,9,204.84,204.83,204.83,17
2016-04-11 20:15:25,204.859,204.86,38,204.87,204.83,204.83,49
2016-04-11 20:15:30,204.862,204.86,17,204.87,204.86,204.87,33
2016-04-11 20:15:35,204.87,204.87,12,204.88,204.87,204.87,12
2016-04-11 20:15:40,204.87,204.87,5,204.87,204.87,204.87,5
2016-04-11 20:15:45,204.894,204.89,144,204.91,204.87,204.87,249
2016-04-11 20:15:50,204.906,204.91,19,204.91,204.89,204.89,38
2016-04-11 20:15:55,204.952,204.95,121,204.98,204.91,204.92,310
2016-04-11 20:16:00,204.942,204.95,36,204.95,204.93,204.94,51
2016-04-11 20:16:05,204.956,204.96,4,204.96,204.95,204.95,33
2016-04-11 20:16:10,204.95,204.95,16,204.96,204.94,204.96,23
2016-04-11 20:16:15,204.945,204.94,19,204.95,204.94,204.95,32
2016-04-11 20:16:20,204.933,204.93,4,204.94,204.93,204.94,4
2016-04-11 20:16:25,204.932,204.92,12,204.94,204.92,204.94,23
2016-04-11 20:16:30,204.92,204.92,23,204.92,204.92,204.92,37
2016-04-11 20:16:35,204.928,204.93,3,204.93,204.92,204.93,9
2016-04-11 20:16:40,204.928,204.93,13,204.93,204.92,204.93,32
2016-04-11 20:16:45,204.934,204.94,4,204.94,204.93,204.93,22
2016-04-11 20:16:50,204.947,204.95,81,204.96,204.94,204.94,167
2016-04-11 20:16:55,204.955,204.95,12,204.96,204.95,204.95,37
2016-04-11 20:17:00,204.951,204.96,9,204.96,204.95,204.95,17
2016-04-11 20:17:05,204.937,204.94,85,204.95,204.92,204.95,199
2016-04-11 20:17:10,204.928,204.93,22,204.93,204.92,204.93,33
2016-04-11 20:17:15,204.918,204.91,9,204.92,204.91,204.92,11
2016-04-11 20:17:20,204.921,204.93,41,204.93,204.92,204.92,50
2016-04-11 20:17:25,204.909,204.91,53,204.93,204.9,204.92,100
2016-04-11 20:17:30,204.898,204.9,60,204.91,204.89,204.9,145
2016-04-11 20:17:35,204.9,204.9,4,204.91,204.9,204.9,4
2016-04-11 20:17:40,204.892,204.88,16,204.9,204.88,204.9,22
2016-04-11 20:17:45,204.893,204.9,27,204.91,204.88,204.88,44
2016-04-11 20:17:50,204.894,204.91,62,204.91,204.89,204.9,94
2016-04-11 20:17:55,204.892,204.9,20,204.9,204.89,204.9,29
2016-04-11 20:18:00,204.905,204.89,62,204.91,204.89,204.9,150
2016-04-11 20:18:05,204.892,204.9,21,204.91,204.89,204.89,28
2016-04-11 20:18:10,204.894,204.9,66,204.91,204.89,204.9,111
2016-04-11 20:18:15,204.888,204.88,21,204.9,204.88,204.9,68
2016-04-11 20:18:20,204.916,204.93,28,204.93,204.89,204.89,34
2016-04-11 20:18:25,204.933,204.93,12,204.94,204.92,204.93,15
2016-04-11 20:18:30,204.944,204.94,61,204.96,204.93,204.93,165
2016-04-11 20:18:35,204.929,204.93,15,204.93,204.92,204.93,18
2016-04-11 20:18:40,204.93,204.93,5,204.93,204.93,204.93,8
2016-04-11 20:18:45,204.924,204.94,17,204.94,204.92,204.93,19
2016-04-11 20:18:50,204.919,204.92,12,204.93,204.91,204.92,25
2016-04-11 20:18:55,204.943,204.97,20,204.97,204.93,204.94,25
2016-04-11 20:19:00,204.954,204.95,32,204.96,204.94,204.96,95
2016-04-11 20:19:05,204.955,204.96,9,204.96,204.95,204.95,20
2016-04-11 20:19:10,204.943,204.94,7,204.96,204.93,204.96,13
2016-04-11 20:19:15,204.96,204.98,44,204.98,204.94,204.94,73
2016-04-11 20:19:20,204.99,205.01,66,205.01,204.97,204.98,232
2016-04-11 20:19:25,205.065,205.08,522,205.11,205.01,205.01,1475
2016-04-11 20:19:30,205.083,205.07,139,205.09,205.07,205.08,214
2016-04-11 20:19:35,205.102,205.1,65,205.11,205.08,205.09,106
2016-04-11 20:19:40,205.098,205.11,180,205.12,205.07,205.1,298
2016-04-11 20:19:45,205.098,205.09,19,205.11,205.08,205.1,33
2016-04-11 20:19:50,205.094,205.1,59,205.11,205.08,205.09,142
2016-04-11 20:19:55,205.104,205.1,22,205.11,205.1,205.11,69
2016-04-11 20:20:00,205.068,205.06,67,205.1,205.05,205.1,95
2016-04-11 20:20:05,205.063,205.07,36,205.08,205.05,205.05,79
2016-04-11 20:20:10,205.069,205.07,19,205.07,205.06,205.06,30
2016-04-11 20:20:15,205.067,205.06,20,205.07,205.06,205.07,38
2016-04-11 20:20:20,205.052,205.06,7,205.06,205.05,205.05,9
2016-04-11 20:20:25,205.044,205.05,59,205.06,205.03,205.06,87
2016-04-11 20:20:30,205.037,205.05,40,205.06,205.03,205.05,99
2016-04-11 20:20:35,205.061,205.07,29,205.07,205.05,205.06,39
2016-04-11 20:20:40,205.071,205.07,15,205.08,205.06,205.07,29
2016-04-11 20:20:45,205.068,205.08,9,205.08,205.06,205.07,20
2016-04-11 20:20:50,205.124,205.13,130,205.15,205.08,205.08,262
2016-04-11 20:20:55,205.115,205.12,73,205.13,205.1,205.13,130
2016-04-11 20:21:00,205.13,205.13,7,205.13,205.13,205.13,7
2016-04-11 20:21:05,205.118,205.1,34,205.13,205.1,205.13,49
2016-04-11 20:21:10,205.111,205.11,8,205.12,205.11,205.11,27
2016-04-11 20:21:15,205.089,205.07,21,205.11,205.07,205.11,36
2016-04-11 20:21:20,205.076,205.08,4,205.08,205.07,205.07,77
2016-04-11 20:21:25,205.096,205.12,37,205.12,205.07,205.07,62
2016-04-11 20:21:30,205.143,205.15,38,205.15,205.13,205.13,93
2016-04-11 20:21:35,205.148,205.16,33,205.16,205.13,205.14,49
2016-04-11 20:21:40,205.141,205.13,27,205.16,205.12,205.16,58
2016-04-11 20:21:45,205.13,205.12,5,205.14,205.12,205.14,8
2016-04-11 20:21:50,205.114,205.11,65,205.13,205.1,205.12,108
2016-04-11 20:21:55,205.11,205.1,28,205.11,205.1,205.11,45
2016-04-11 20:22:00,205.108,205.14,25,205.14,205.1,205.1,55
2016-04-11 20:22:05,205.135,205.13,6,205.14,205.13,205.13,16
2016-04-11 20:22:10,205.123,205.11,16,205.13,205.1,205.13,19
2016-04-11 20:22:15,205.108,205.1,6,205.11,205.1,205.11,6
2016-04-11 20:22:20,205.115,205.11,61,205.12,205.1,205.11,198
2016-04-11 20:22:25,205.1,205.1,21,205.11,205.09,205.11,152
2016-04-11 20:22:30,205.096,205.1,42,205.11,205.08,205.1,78
2016-04-11 20:22:35,205.1,205.1,22,205.1,205.1,205.1,39
2016-04-11 20:22:40,205.114,205.11,13,205.13,205.11,205.11,17
2016-04-11 20:22:45,205.096,205.11,80,205.11,205.08,205.11,181
2016-04-11 20:22:50,205.135,205.13,57,205.14,205.1,205.11,119
2016-04-11 20:22:55,205.135,205.1,69,205.15,205.1,205.14,197
2016-04-11 20:23:00,205.102,205.1,4,205.11,205.1,205.1,5
2016-04-11 20:23:05,205.096,205.09,20,205.11,205.08,205.1,25
2016-04-11 20:23:10,205.092,205.09,10,205.1,205.09,205.09,17
2016-04-11 20:23:15,205.082,205.09,36,205.09,205.06,205.09,59
2016-04-11 20:23:20,205.09,205.08,9,205.1,205.08,205.09,12
2016-04-11 20:23:25,205.08,205.08,24,205.09,205.08,205.08,40
2016-04-11 20:23:30,205.089,205.09,4,205.09,205.08,205.08,9
2016-04-11 20:23:35,205.078,205.07,5,205.08,205.07,205.08,6
2016-04-11 20:23:40,205.07,205.07,24,205.08,205.07,205.08,72
2016-04-11 20:23:45,205.072,205.08,15,205.08,205.07,205.07,24
2016-04-11 20:23:50,205.078,205.08,12,205.08,205.07,205.07,14
2016-04-11 20:23:55,205.078,205.08,3,205.09,205.07,205.09,5
2016-04-11 20:24:00,205.079,205.08,14,205.08,205.07,205.08,15
2016-04-11 20:24:05,205.069,205.07,9,205.09,205.06,205.09,10
2016-04-11 20:24:10,205.06,205.06,10,205.06,205.06,205.06,18
2016-04-11 20:24:15,205.07,205.08,21,205.08,205.06,205.07,34
2016-04-11 20:24:20,205.071,205.07,16,205.08,205.07,205.08,22
2016-04-11 20:24:25,205.041,205.01,175,205.08,205.01,205.07,510
2016-04-11 20:24:30,205.002,205.01,143,205.02,204.98,205.01,477
2016-04-11 20:24:35,205.014,205.02,62,205.02,205.0,205.01,82
2016-04-11 20:24:40,205.043,205.03,94,205.06,205.01,205.02,141
2016-04-11 20:24:45,205.039,205.03,13,205.04,205.02,205.04,31
2016-04-11 20:24:50,205.041,205.05,31,205.05,205.03,205.03,50
2016-04-11 20:24:55,205.055,205.04,29,205.06,205.04,205.06,74
2016-04-11 20:25:00,205.046,205.04,17,205.05,205.04,205.04,33
2016-04-11 20:25:05,205.049,205.04,31,205.05,205.03,205.03,49
2016-04-11 20:25:10,205.03,205.03,24,205.04,205.02,205.03,46
2016-04-11 20:25:15,205.021,205.03,21,205.03,205.01,205.03,47
2016-04-11 20:25:20,205.028,205.02,13,205.04,205.02,205.03,24
2016-04-11 20:25:25,205.03,205.03,21,205.03,205.03,205.03,83
2016-04-11 20:25:30,205.022,205.05,180,205.05,205.01,205.03,351
2016-04-11 20:25:35,205.119,205.11,282,205.15,205.06,205.06,646
2016-04-11 20:25:40,205.116,205.15,41,205.15,205.1,205.11,74
2016-04-11 20:25:45,205.144,205.15,44,205.15,205.13,205.14,95
2016-04-11 20:25:50,205.169,205.17,72,205.18,205.16,205.16,135
2016-04-11 20:25:55,205.164,205.16,42,205.18,205.15,205.18,114
2016-04-11 20:26:00,205.148,205.15,71,205.16,205.14,205.16,112
2016-04-11 20:26:05,205.152,205.16,5,205.16,205.15,205.15,8
2016-04-11 20:26:10,205.154,205.17,52,205.17,205.14,205.16,241
2016-04-11 20:26:15,205.154,205.14,266,205.18,205.13,205.17,544
2016-04-11 20:26:20,205.141,205.15,25,205.15,205.13,205.14,55
2016-04-11 20:26:25,205.122,205.11,99,205.14,205.1,205.14,201
2016-04-11 20:26:30,205.087,205.07,77,205.11,205.06,205.11,230
2016-04-11 20:26:35,205.072,205.08,52,205.09,205.07,205.08,105
2016-04-11 20:26:40,205.062,205.06,11,205.07,205.06,205.07,13
2016-04-11 20:26:45,205.041,205.03,105,205.06,205.01,205.05,259
2016-04-11 20:26:50,205.08,205.11,48,205.11,205.04,205.04,81
2016-04-11 20:26:55,205.099,205.09,37,205.13,205.09,205.11,68
2016-04-11 20:27:00,205.1,205.11,18,205.11,205.09,205.09,29
2016-04-11 20:27:05,205.107,205.1,12,205.12,205.1,205.11,23
2016-04-11 20:27:10,205.056,205.04,100,205.1,205.03,205.1,167
2016-04-11 20:27:15,205.024,205.03,54,205.04,205.02,205.03,91
2016-04-11 20:27:20,205.049,205.06,41,205.06,205.03,205.03,47
2016-04-11 20:27:25,205.041,205.04,15,205.05,205.04,205.05,24
2016-04-11 20:27:30,205.038,205.04,34,205.05,205.02,205.03,49
2016-04-11 20:27:35,205.026,205.02,26,205.03,205.02,205.03,39
2016-04-11 20:27:40,205.03,205.04,26,205.05,205.01,205.01,35
2016-04-11 20:27:45,205.048,205.03,24,205.05,205.03,205.04,39
2016-04-11 20:27:50,205.04,205.04,9,205.04,205.03,205.04,37
2016-04-11 20:27:55,205.008,204.99,27,205.03,204.99,205.03,73
2016-04-11 20:28:00,204.954,204.95,122,205.0,204.93,204.99,364
2016-04-11 20:28:05,204.941,204.93,59,204.95,204.93,204.94,142
2016-04-11 20:28:10,204.96,204.97,88,204.98,204.94,204.94,182
2016-04-11 20:28:15,204.986,204.97,23,205.0,204.97,204.97,32
2016-04-11 20:28:20,204.952,204.97,48,204.97,204.93,204.95,101
2016-04-11 20:28:25,204.961,204.93,86,204.98,204.93,204.97,148
2016-04-11 20:28:30,204.937,204.94,49,204.95,204.93,204.94,114
2016-04-11 20:28:35,204.931,204.94,109,204.94,204.91,204.94,253
2016-04-11 20:28:40,204.938,204.94,53,204.94,204.93,204.94,93
2016-04-11 20:28:45,204.951,204.97,41,204.97,204.94,204.95,135
2016-04-11 20:28:50,204.969,204.94,73,204.98,204.94,204.97,142
2016-04-11 20:28:55,204.93,204.93,9,204.94,204.93,204.93,22
2016-04-11 20:29:00,204.939,204.94,35,204.94,204.93,204.94,78
2016-04-11 20:29:05,204.948,204.96,14,204.96,204.93,204.94,25
2016-04-11 20:29:10,204.961,204.97,14,204.97,204.95,204.96,25
2016-04-11 20:29:15,204.962,204.95,7,204.97,204.95,204.97,13
2016-04-11 20:29:20,204.965,204.97,5,204.97,204.96,204.96,6
2016-04-11 20:29:25,204.941,204.92,99,204.96,204.91,204.96,263
2016-04-11 20:29:30,204.919,204.94,39,204.94,204.91,204.93,130
2016-04-11 20:29:35,204.933,204.94,25,204.94,204.92,204.94,35
2016-04-11 20:29:40,204.928,204.91,35,204.94,204.91,204.93,120
2016-04-11 20:29:45,204.926,204.94,29,204.94,204.91,204.92,80
2016-04-11 20:29:50,204.923,204.92,5,204.93,204.92,204.93,7
2016-04-11 20:29:55,204.925,204.93,15,204.93,204.92,204.92,26
2016-04-11 20:30:00,204.885,204.86,163,204.92,204.86,204.92,485
2016-04-11 20:30:05,204.851,204.89,138,204.9,204.83,204.86,474
2016-04-11 20:30:10,204.892,204.89,38,204.9,204.88,204.9,60
2016-04-11 20:30:15,204.886,204.88,30,204.89,204.88,204.88,54
2016-04-11 20:30:20,204.896,204.92,31,204.92,204.88,204.89,59
2016-04-11 20:30:25,204.92,204.92,43,204.93,204.91,204.92,189
2016-04-11 20:30:30,204.909,204.91,6,204.91,204.9,204.91,19
2016-04-11 20:30:35,204.92,204.93,16,204.93,204.91,204.92,21
2016-04-11 20:30:40,204.921,204.93,8,204.93,204.92,204.92,8
2016-04-11 20:30:45,204.93,204.93,1,204.93,204.92,204.93,1
2016-04-11 20:30:50,204.931,204.94,12,204.94,204.93,204.93,13
2016-04-11 20:30:55,204.923,204.93,15,204.93,204.91,204.93,17
2016-04-11 20:31:00,204.961,204.98,79,204.98,204.94,204.94,174
2016-04-11 20:31:05,204.968,204.98,17,204.98,204.96,204.97,21
2016-04-11 20:31:10,204.961,204.96,18,204.97,204.96,204.97,28
2016-04-11 20:31:15,204.965,204.97,11,204.97,204.96,204.96,17
2016-04-11 20:31:20,204.97,204.97,2,204.97,204.97,204.97,2
2016-04-11 20:31:25,205.008,205.0,123,205.03,204.97,204.98,305
2016-04-11 20:31:30,204.983,204.97,24,204.99,204.97,204.99,73
2016-04-11 20:31:35,204.973,204.97,35,204.98,204.97,204.98,53
2016-04-11 20:31:40,204.979,204.99,31,204.99,204.97,204.98,68
2016-04-11 20:31:45,204.99,205.0,31,205.01,204.98,204.98,75
2016-04-11 20:31:50,204.968,204.96,17,205.0,204.96,205.0,40
2016-04-11 20:31:55,204.96,204.96,19,204.97,204.95,204.97,24
2016-04-11 20:32:00,204.96,204.96,1,204.96,204.96,204.96,1
2016-04-11 20:32:05,204.987,205.01,84,205.01,204.96,204.96,161
2016-04-11 20:32:10,205.013,205.03,30,205.03,205.01,205.01,44
2016-04-11 20:32:15,204.999,204.99,51,205.03,204.99,205.03,82
2016-04-11 20:32:20,204.995,205.01,18,205.01,204.99,204.99,28
2016-04-11 20:32:25,205.01,205.02,11,205.02,205.0,205.0,16
2016-04-11 20:32:30,205.017,205.01,12,205.02,205.01,205.02,21
2016-04-11 20:32:35,204.999,204.98,10,205.01,204.98,205.01,10
2016-04-11 20:32:40,204.981,204.99,13,204.99,204.97,204.98,18
2016-04-11 20:32:45,204.965,204.97,22,204.97,204.96,204.97,38
2016-04-11 20:32:50,204.99,204.99,11,205.0,204.98,204.99,23
2016-04-11 20:32:55,205.01,205.01,26,205.02,204.99,204.99,48
2016-04-11 20:33:00,204.993,204.98,8,205.02,204.98,205.01,47
2016-04-11 20:33:05,204.95,204.92,90,204.98,204.92,204.98,143
2016-04-11 20:33:10,204.892,204.89,236,204.91,204.87,204.91,619
2016-04-11 20:33:15,204.873,204.88,88,204.89,204.86,204.89,191
2016-04-11 20:33:20,204.883,204.89,6,204.89,204.86,204.89,6
2016-04-11 20:33:25,204.909,204.91,36,204.92,204.88,204.89,57
2016-04-11 20:33:30,204.891,204.88,13,204.9,204.88,204.9,33
2016-04-11 20:33:35,204.897,204.89,11,204.9,204.89,204.89,14
2016-04-11 20:33:40,204.89,204.89,0,204.89,204.89,204.89,0
2016-04-11 20:33:45,204.897,204.9,16,204.9,204.88,204.88,19
2016-04-11 20:33:50,204.909,204.91,5,204.91,204.9,204.91,11
2016-04-11 20:33:55,204.891,204.88,38,204.9,204.88,204.9,55
2016-04-11 20:34:00,204.876,204.88,39,204.88,204.87,204.88,78
2016-04-11 20:34:05,204.87,204.87,7,204.87,204.86,204.87,20
2016-04-11 20:34:10,204.876,204.88,12,204.88,204.87,204.87,21
2016-04-11 20:34:15,204.874,204.88,11,204.88,204.87,204.87,13
2016-04-11 20:34:20,204.893,204.9,8,204.9,204.88,204.88,14
2016-04-11 20:34:25,204.885,204.88,69,204.9,204.87,204.89,101
2016-04-11 20:34:30,204.862,204.86,13,204.87,204.86,204.87,24
2016-04-11 20:34:35,204.882,204.89,101,204.89,204.87,204.87,200
2016-04-11 20:34:40,204.89,204.89,3,204.89,204.89,204.89,5
2016-04-11 20:34:45,204.89,204.89,0,204.89,204.89,204.89,0
2016-04-11 20:34:50,204.89,204.89,25,204.89,204.88,204.89,48
2016-04-11 20:34:55,204.901,204.91,49,204.92,204.89,204.89,97
2016-04-11 20:35:00,204.891,204.89,58,204.91,204.89,204.91,105
2016-04-11 20:35:05,204.899,204.9,14,204.9,204.89,204.9,16
2016-04-11 20:35:10,204.899,204.89,6,204.9,204.89,204.9,15
2016-04-11 20:35:15,204.88,204.88,24,204.89,204.87,204.89,79
2016-04-11 20:35:20,204.88,204.88,7,204.89,204.87,204.88,12
2016-04-11 20:35:25,204.863,204.83,397,204.89,204.83,204.89,1411
2016-04-11 20:35:30,204.821,204.82,90,204.85,204.81,204.83,220
2016-04-11 20:35:35,204.829,204.84,56,204.84,204.81,204.81,174
2016-04-11 20:35:40,204.853,204.86,53,204.86,204.83,204.84,113
2016-04-11 20:35:45,204.859,204.85,60,204.86,204.85,204.85,116
2016-04-11 20:35:50,204.881,204.9,195,204.9,204.85,204.85,633
2016-04-11 20:35:55,204.893,204.9,3,204.9,204.89,204.89,3
2016-04-11 20:36:00,204.899,204.9,50,204.9,204.89,204.9,157
2016-04-11 20:36:05,204.908,204.91,170,204.92,204.9,204.9,505
2016-04-11 20:36:10,204.892,204.89,28,204.91,204.88,204.9,79
2016-04-11 20:36:15,204.869,204.88,45,204.88,204.86,204.87,81
2016-04-11 20:36:20,204.877,204.87,3,204.88,204.87,204.88,3
2016-04-11 20:36:25,204.864,204.85,9,204.88,204.85,204.88,10
2016-04-11 20:36:30,204.86,204.86,17,204.86,204.86,204.86,37
2016-04-11 20:36:35,204.874,204.88,20,204.88,204.87,204.87,48
2016-04-11 20:36:40,204.891,204.9,13,204.9,204.88,204.88,28
2016-04-11 20:36:45,204.915,204.92,36,204.92,204.9,204.91,46
2016-04-11 20:36:50,204.915,204.91,13,204.92,204.91,204.92,27
2016-04-11 20:36:55,204.912,204.92,20,204.92,204.9,204.91,21
2016-04-11 20:37:00,204.92,204.92,26,204.92,204.92,204.92,46
2016-04-11 20:37:05,204.907,204.9,5,204.92,204.9,204.92,9
2016-04-11 20:37:10,204.919,204.93,28,204.93,204.9,204.9,39
2016-04-11 20:37:15,204.921,204.92,22,204.93,204.92,204.93,39
2016-04-11 20:37:20,204.936,204.93,24,204.95,204.92,204.93,26
2016-04-11 20:37:25,204.91,204.91,36,204.92,204.9,204.92,84
2016-04-11 20:37:30,204.904,204.89,39,204.92,204.89,204.92,79
2016-04-11 20:37:35,204.904,204.91,79,204.91,204.88,204.89,147
2016-04-11 20:37:40,204.9,204.9,24,204.9,204.89,204.9,35
2016-04-11 20:37:45,204.888,204.88,9,204.9,204.88,204.9,12
2016-04-11 20:37:50,204.882,204.89,30,204.89,204.88,204.89,74
2016-04-11 20:37:55,204.887,204.89,6,204.89,204.88,204.88,33
2016-04-11 20:38:00,204.88,204.88,3,204.88,204.88,204.88,4
2016-04-11 20:38:05,204.889,204.88,14,204.89,204.88,204.89,16
2016-04-11 20:38:10,204.885,204.89,1,204.89,204.88,204.89,6
2016-04-11 20:38:15,204.876,204.88,14,204.89,204.87,204.88,18
2016-04-11 20:38:20,204.865,204.88,21,204.88,204.85,204.87,41
2016-04-11 20:38:25,204.901,204.92,156,204.94,204.88,204.88,450
2016-04-11 20:38:30,204.963,204.98,156,204.98,204.93,204.94,480
2016-04-11 20:38:35,204.96,204.97,80,204.97,204.95,204.97,190
2016-04-11 20:38:40,204.966,204.97,33,204.98,204.96,204.97,45
2016-04-11 20:38:45,205.044,205.07,368,205.08,204.97,204.97,864
2016-04-11 20:38:50,205.077,205.08,94,205.08,205.07,205.08,199
2016-04-11 20:38:55,205.076,205.08,28,205.09,205.07,205.08,97
2016-04-11 20:39:00,205.088,205.09,24,205.09,205.08,205.08,82
2016-04-11 20:39:05,205.09,205.09,47,205.1,205.08,205.09,112
2016-04-11 20:39:10,205.081,205.08,35,205.09,205.07,205.09,117
2016-04-11 20:39:15,205.102,205.11,101,205.12,205.08,205.08,252
2016-04-11 20:39:20,205.113,205.12,63,205.12,205.1,205.11,200
2016-04-11 20:39:25,205.156,205.15,200,205.18,205.12,205.13,509
2016-04-11 20:39:30,205.135,205.14,63,205.16,205.12,205.15,208
2016-04-11 20:39:35,205.136,205.14,17,205.14,205.13,205.14,93
2016-04-11 20:39:40,205.14,205.14,6,205.15,205.13,205.14,27
2016-04-11 20:39:45,205.177,205.2,283,205.2,205.14,205.14,759
2016-04-11 20:39:50,205.219,205.24,191,205.26,205.18,205.2,532
2016-04-11 20:39:55,205.236,205.23,163,205.26,205.22,205.25,328
2016-04-11 20:40:00,205.206,205.2,41,205.24,205.2,205.24,86
2016-04-11 20:40:05,205.177,205.17,135,205.21,205.16,205.21,333
2016-04-11 20:40:10,205.201,205.21,179,205.22,205.17,205.17,750
2016-04-11 20:40:15,205.192,205.18,88,205.21,205.17,205.21,177
2016-04-11 20:40:20,205.17,205.18,41,205.18,205.17,205.17,142
2016-04-11 20:40:25,205.159,205.16,181,205.18,205.14,205.17,371
2016-04-11 20:40:30,205.167,205.17,11,205.17,205.15,205.16,29
2016-04-11 20:40:35,205.194,205.2,132,205.2,205.17,205.18,373
2016-04-11 20:40:40,205.196,205.19,87,205.2,205.19,205.2,164
2016-04-11 20:40:45,205.19,205.19,29,205.19,205.18,205.19,62
2016-04-11 20:40:50,205.197,205.19,41,205.21,205.19,205.2,61
2016-04-11 20:40:55,205.203,205.2,48,205.21,205.2,205.2,86
2016-04-11 20:41:00,205.19,205.19,8,205.2,205.19,205.19,10
2016-04-11 20:41:05,205.196,205.2,11,205.2,205.19,205.2,39
2016-04-11 20:41:10,205.19,205.19,24,205.2,205.18,205.19,69
2016-04-11 20:41:15,205.199,205.2,22,205.2,205.19,205.19,45
2016-04-11 20:41:20,205.199,205.2,36,205.21,205.19,205.2,55
2016-04-11 20:41:25,205.19,205.19,14,205.2,205.18,205.2,31
2016-04-11 20:41:30,205.19,205.2,69,205.2,205.19,205.19,165
2016-04-11 20:41:35,205.195,205.2,2,205.2,205.19,205.19,18
2016-04-11 20:41:40,205.19,205.19,4,205.19,205.19,205.19,5
2016-04-11 20:41:45,205.198,205.2,79,205.2,205.19,205.19,152
2016-04-11 20:41:50,205.198,205.2,45,205.2,205.18,205.2,80
2016-04-11 20:41:55,205.2,205.2,14,205.2,205.2,205.2,43
2016-04-11 20:42:00,205.19,205.19,9,205.2,205.18,205.2,17
2016-04-11 20:42:05,205.19,205.19,1,205.19,205.19,205.19,1
2016-04-11 20:42:10,205.2,205.2,1,205.2,205.2,205.2,1
2016-04-11 20:42:15,205.202,205.2,48,205.21,205.19,205.2,135
2016-04-11 20:42:20,205.2,205.2,25,205.2,205.2,205.2,46
2016-04-11 20:42:25,205.2,205.2,0,205.2,205.2,205.2,0
2016-04-11 20:42:30,205.202,205.2,3,205.21,205.2,205.2,5
2016-04-11 20:42:35,205.198,205.2,55,205.2,205.19,205.2,81
2016-04-11 20:42:40,205.2,205.2,20,205.21,205.2,205.2,53
2016-04-11 20:42:45,205.196,205.19,18,205.2,205.19,205.2,22
2016-04-11 20:42:50,205.186,205.18,29,205.19,205.18,205.19,57
2016-04-11 20:42:55,205.179,205.19,53,205.2,205.17,205.17,119
2016-04-11 20:43:00,205.205,205.21,20,205.21,205.19,205.19,27
2016-04-11 20:43:05,205.19,205.19,2,205.19,205.19,205.19,2
2016-04-11 20:43:10,205.19,205.19,2,205.19,205.19,205.19,2
2016-04-11 20:43:15,205.187,205.18,12,205.19,205.18,205.19,22
2016-04-11 20:43:20,205.177,205.17,3,205.18,205.17,205.18,3
2016-04-11 20:43:25,205.174,205.17,2,205.18,205.17,205.18,32
2016-04-11 20:43:30,205.178,205.17,28,205.18,205.17,205.17,43
2016-04-11 20:43:35,205.18,205.18,4,205.18,205.18,205.18,4
2016-04-11 20:43:40,205.197,205.19,148,205.2,205.18,205.19,273
2016-04-11 20:43:45,205.18,205.18,3,205.19,205.17,205.19,4
2016-04-11 20:43:50,205.157,205.13,178,205.17,205.13,205.17,620
2016-04-11 20:43:55,205.156,205.18,123,205.18,205.12,205.12,237
2016-04-11 20:44:00,205.166,205.16,17,205.17,205.16,205.17,26
2016-04-11 20:44:05,205.157,205.15,15,205.17,205.15,205.17,38
2016-04-11 20:44:10,205.16,205.16,5,205.16,205.16,205.16,9
2016-04-11 20:44:15,205.155,205.15,2,205.16,205.15,205.16,2
2016-04-11 20:44:20,205.157,205.16,9,205.16,205.15,205.15,34
2016-04-11 20:44:25,205.14,205.14,7,205.15,205.14,205.15,103
2016-04-11 20:44:30,205.141,205.14,6,205.15,205.14,205.14,10
2016-04-11 20:44:35,205.14,205.14,2,205.14,205.13,205.14,11
2016-04-11 20:44:40,205.134,205.15,110,205.16,205.11,205.13,196
2016-04-11 20:44:45,205.147,205.14,33,205.16,205.14,205.16,52
2016-04-11 20:44:50,205.13,205.13,9,205.13,205.12,205.13,16
2016-04-11 20:44:55,205.13,205.13,0,205.13,205.12,205.13,0
2016-04-11 20:45:00,205.139,205.14,39,205.14,205.13,205.13,70
2016-04-11 20:45:05,205.13,205.13,4,205.13,205.13,205.13,6
2016-04-11 20:45:10,205.13,205.13,1,205.13,205.13,205.13,13
2016-04-11 20:45:15,205.125,205.11,35,205.13,205.11,205.13,51
2016-04-11 20:45:20,205.1,205.1,1,205.1,205.1,205.1,1
2016-04-11 20:45:25,205.099,205.08,74,205.1,205.08,205.1,147
2016-04-11 20:45:30,205.091,205.08,49,205.1,205.08,205.09,139
2016-04-11 20:45:35,205.043,205.0,401,205.08,205.0,205.08,1110
2016-04-11 20:45:40,205.007,205.0,21,205.01,205.0,205.01,46
2016-04-11 20:45:45,205.035,205.05,93,205.05,205.0,205.0,155
2016-04-11 20:45:50,205.027,205.03,49,205.05,205.02,205.05,110
2016-04-11 20:45:55,205.062,205.08,88,205.08,205.04,205.04,207
2016-04-11 20:46:00,205.085,205.09,33,205.09,205.08,205.08,81
2016-04-11 20:46:05,205.091,205.1,20,205.1,205.08,205.08,30
2016-04-11 20:46:10,205.121,205.12,22,205.13,205.1,205.11,47
2016-04-11 20:46:15,205.139,205.15,46,205.15,205.12,205.13,88
2016-04-11 20:46:20,205.142,205.14,44,205.15,205.13,205.15,97
2016-04-11 20:46:25,205.141,205.14,41,205.15,205.14,205.14,83
2016-04-11 20:46:30,205.138,205.13,7,205.14,205.13,205.14,19
2016-04-11 20:46:35,205.125,205.12,27,205.13,205.11,205.13,145
2016-04-11 20:46:40,205.112,205.1,26,205.12,205.1,205.11,37
2016-04-11 20:46:45,205.1,205.1,27,205.11,205.09,205.1,34
2016-04-11 20:46:50,205.1,205.1,44,205.11,205.1,205.1,74
2016-04-11 20:46:55,205.13,205.11,339,205.16,205.1,205.11,905
2016-04-11 20:47:00,205.175,205.15,113,205.19,205.15,205.15,275
2016-04-11 20:47:05,205.159,205.16,7,205.16,205.15,205.16,26
2016-04-11 20:47:10,205.14,205.14,26,205.15,205.13,205.15,41
2016-04-11 20:47:15,205.143,205.15,42,205.16,205.13,205.14,82
2016-04-11 20:47:20,205.186,205.22,184,205.22,205.16,205.16,687
2016-04-11 20:47:25,205.222,205.19,95,205.24,205.19,205.22,288
2016-04-11 20:47:30,205.182,205.18,14,205.19,205.18,205.19,40
2016-04-11 20:47:35,205.185,205.19,29,205.19,205.18,205.18,72
2016-04-11 20:47:40,205.171,205.18,31,205.18,205.16,205.18,53
2016-04-11 20:47:45,205.185,205.19,19,205.19,205.17,205.18,45
2016-04-11 20:47:50,205.189,205.19,40,205.2,205.18,205.18,97
2016-04-11 20:47:55,205.183,205.19,21,205.19,205.18,205.18,133
2016-04-11 20:48:00,205.195,205.19,37,205.2,205.19,205.19,94
2016-04-11 20:48:05,205.198,205.2,84,205.2,205.19,205.2,175
2016-04-11 20:48:10,205.196,205.2,4,205.2,205.19,205.19,7
2016-04-11 20:48:15,205.177,205.18,53,205.2,205.17,205.2,95
2016-04-11 20:48:20,205.191,205.19,175,205.2,205.17,205.18,545
2016-04-11 20:48:25,205.186,205.18,20,205.19,205.18,205.19,56
2016-04-11 20:48:30,205.179,205.18,21,205.18,205.17,205.18,63
2016-04-11 20:48:35,205.17,205.16,50,205.17,205.16,205.17,145
2016-04-11 20:48:40,205.186,205.18,68,205.2,205.17,205.17,220
2016-04-11 20:48:45,205.197,205.2,31,205.21,205.18,205.18,82
2016-04-11 20:48:50,205.216,205.22,86,205.22,205.2,205.2,313
2016-04-11 20:48:55,205.218,205.23,114,205.23,205.2,205.21,309
2016-04-11 20:49:00,205.23,205.23,53,205.24,205.22,205.23,99
2016-04-11 20:49:05,205.222,205.21,47,205.23,205.21,205.23,115
2016-04-11 20:49:10,205.218,205.23,27,205.23,205.2,205.21,54
2016-04-11 20:49:15,205.229,205.23,6,205.23,205.22,205.22,25
2016-04-11 20:49:20,205.229,205.23,79,205.23,205.22,205.23,205
2016-04-11 20:49:25,205.227,205.2,7,205.23,205.2,205.23,19
2016-04-11 20:49:30,205.203,205.2,2,205.21,205.2,205.21,20
2016-04-11 20:49:35,205.21,205.22,14,205.22,205.21,205.21,27
2016-04-11 20:49:40,205.208,205.2,10,205.21,205.2,205.21,13
2016-04-11 20:49:45,205.185,205.18,56,205.21,205.18,205.2,118
2016-04-11 20:49:50,205.17,205.18,96,205.18,205.16,205.18,209
2016-04-11 20:49:55,205.175,205.15,47,205.18,205.15,205.18,79
2016-04-11 20:50:00,205.15,205.15,1,205.15,205.15,205.15,1
2016-04-11 20:50:05,205.167,205.16,27,205.17,205.16,205.16,53
2016-04-11 20:50:10,205.16,205.16,7,205.16,205.16,205.16,8
2016-04-11 20:50:15,205.151,205.15,18,205.16,205.14,205.15,29
2016-04-11 20:50:20,205.121,205.11,52,205.15,205.11,205.15,106
2016-04-11 20:50:25,205.12,205.13,72,205.13,205.11,205.12,201
2016-04-11 20:50:30,205.063,205.04,665,205.13,205.03,205.12,1807
2016-04-11 20:50:35,205.03,205.02,42,205.04,205.02,205.04,91
2016-04-11 20:50:40,204.999,205.0,88,205.01,204.99,205.01,225
2016-04-11 20:50:45,205.008,205.01,25,205.01,205.0,205.01,30
2016-04-11 20:50:50,205.02,205.01,53,205.04,205.01,205.01,152
2016-04-11 20:50:55,204.999,204.99,68,205.02,204.98,205.01,125
2016-04-11 20:51:00,204.988,204.97,226,205.01,204.97,204.99,465
2016-04-11 20:51:05,204.976,204.99,144,204.99,204.97,204.97,328
2016-04-11 20:51:10,204.978,204.99,143,204.99,204.96,204.98,252
2016-04-11 20:51:15,204.972,204.97,129,204.99,204.96,204.99,387
2016-04-11 20:51:20,204.972,205.01,569,205.02,204.95,204.97,1701
2016-04-11 20:51:25,205.008,205.0,111,205.02,205.0,205.01,202
2016-04-11 20:51:30,205.04,205.03,41,205.05,205.02,205.02,101
2016-04-11 20:51:35,205.038,205.03,55,205.05,205.03,205.03,104
2016-04-11 20:51:40,205.042,205.04,32,205.05,205.03,205.04,40
2016-04-11 20:51:45,205.03,205.03,86,205.05,205.01,205.05,132
2016-04-11 20:51:50,205.038,205.04,43,205.05,205.03,205.03,98
2016-04-11 20:51:55,205.04,205.03,51,205.04,205.03,205.04,83
2016-04-11 20:52:00,205.04,205.03,69,205.05,205.03,205.04,96
2016-04-11 20:52:05,205.028,205.03,94,205.04,205.02,205.03,198
2016-04-11 20:52:10,205.023,205.03,99,205.04,205.01,205.01,155
2016-04-11 20:52:15,205.021,205.01,106,205.04,205.01,205.04,235
2016-04-11 20:52:20,205.018,205.01,21,205.02,205.01,205.02,28
2016-04-11 20:52:25,205.02,205.02,42,205.03,205.01,205.02,73
2016-04-11 20:52:30,205.036,205.04,29,205.04,205.03,205.03,67
2016-04-11 20:52:35,205.031,205.03,77,205.04,205.02,205.03,312
2016-04-11 20:52:40,205.03,205.03,26,205.04,205.02,205.03,132
2016-04-11 20:52:45,205.024,205.02,27,205.03,205.01,205.03,141
2016-04-11 20:52:50,205.029,205.03,12,205.03,205.02,205.02,13
2016-04-11 20:52:55,205.036,205.04,20,205.04,205.03,205.03,32
2016-04-11 20:53:00,205.035,205.03,3,205.04,205.03,205.03,4
2016-04-11 20:53:05,205.043,205.05,53,205.06,205.03,205.03,103
2016-04-11 20:53:10,205.043,205.04,94,205.06,205.03,205.05,177
2016-04-11 20:53:15,205.043,205.04,64,205.05,205.04,205.04,119
2016-04-11 20:53:20,205.057,205.05,68,205.07,205.04,205.05,169
2016-04-11 20:53:25,205.052,205.05,34,205.06,205.05,205.05,45
2016-04-11 20:53:30,205.036,205.02,36,205.06,205.02,205.06,82
2016-04-11 20:53:35,205.057,205.08,270,205.08,205.02,205.02,633
2016-04-11 20:53:40,205.073,205.08,40,205.08,205.04,205.04,89
2016-04-11 20:53:45,205.107,205.15,194,205.15,205.07,205.08,468
2016-04-11 20:53:50,205.16,205.15,60,205.17,205.15,205.16,149
2016-04-11 20:53:55,205.142,205.15,75,205.16,205.13,205.15,103
2016-04-11 20:54:00,205.161,205.17,94,205.17,205.15,205.16,296
2016-04-11 20:54:05,205.158,205.16,18,205.16,205.15,205.16,26
2016-04-11 20:54:10,205.135,205.12,135,205.16,205.12,205.15,207
2016-04-11 20:54:15,205.156,205.16,227,205.18,205.12,205.12,578
2016-04-11 20:54:20,205.172,205.17,121,205.19,205.15,205.16,256
2016-04-11 20:54:25,205.222,205.25,237,205.26,205.17,205.17,628
2016-04-11 20:54:30,205.291,205.3,224,205.32,205.25,205.25,650
2016-04-11 20:54:35,205.269,205.25,333,205.31,205.23,205.3,868
2016-04-11 20:54:40,205.257,205.26,100,205.27,205.24,205.25,168
2016-04-11 20:54:45,205.29,205.3,105,205.3,205.27,205.27,221
2016-04-11 20:54:50,205.307,205.31,104,205.31,205.29,205.3,203
2016-04-11 20:54:55,205.304,205.3,47,205.31,205.29,205.31,76
2016-04-11 20:55:00,205.277,205.27,30,205.28,205.27,205.28,60
2016-04-11 20:55:05,205.276,205.28,8,205.28,205.27,205.28,18
2016-04-11 20:55:10,205.266,205.25,52,205.27,205.25,205.27,117
2016-04-11 20:55:15,205.25,205.25,0,205.26,205.25,205.25,0
2016-04-11 20:55:20,205.252,205.23,28,205.26,205.23,205.26,36
2016-04-11 20:55:25,205.234,205.23,17,205.24,205.23,205.24,32
2016-04-11 20:55:30,205.221,205.22,94,205.23,205.21,205.23,266
2016-04-11 20:55:35,205.229,205.23,29,205.24,205.22,205.23,37
2016-04-11 20:55:40,205.23,205.23,0,205.24,205.23,205.23,0
2016-04-11 20:55:45,205.224,205.23,3,205.23,205.22,205.23,5
2016-04-11 20:55:50,205.236,205.22,137,205.25,205.22,205.23,254
2016-04-11 20:55:55,205.237,205.24,77,205.25,205.23,205.23,140
2016-04-11 20:56:00,205.24,205.25,57,205.25,205.23,205.24,146
2016-04-11 20:56:05,205.244,205.24,26,205.25,205.23,205.25,73
2016-04-11 20:56:10,205.228,205.23,62,205.23,205.22,205.23,296
2016-04-11 20:56:15,205.228,205.24,53,205.24,205.22,205.23,241
2016-04-11 20:56:20,205.229,205.24,6,205.24,205.22,205.23,15
2016-04-11 20:56:25,205.23,205.22,31,205.24,205.22,205.24,87
2016-04-11 20:56:30,205.223,205.21,48,205.23,205.21,205.22,199
2016-04-11 20:56:35,205.21,205.21,9,205.21,205.21,205.21,17
2016-04-11 20:56:40,205.22,205.22,15,205.22,205.22,205.22,27
2016-04-11 20:56:45,205.218,205.23,107,205.23,205.2,205.21,202
2016-04-11 20:56:50,205.22,205.22,91,205.23,205.21,205.22,225
2016-04-11 20:56:55,205.219,205.21,42,205.22,205.21,205.22,123
2016-04-11 20:57:00,205.219,205.22,55,205.23,205.21,205.22,112
2016-04-11 20:57:05,205.211,205.21,8,205.22,205.2,205.21,10
2016-04-11 20:57:10,205.193,205.2,76,205.21,205.18,205.2,112
2016-04-11 20:57:15,205.198,205.2,40,205.21,205.19,205.21,83
2016-04-11 20:57:20,205.2,205.21,11,205.21,205.19,205.2,16
2016-04-11 20:57:25,205.193,205.19,43,205.21,205.17,205.2,79
2016-04-11 20:57:30,205.203,205.22,61,205.22,205.18,205.18,105
2016-04-11 20:57:35,205.206,205.2,115,205.22,205.19,205.2,186
2016-04-11 20:57:40,205.201,205.21,18,205.21,205.2,205.2,34
2016-04-11 20:57:45,205.203,205.21,15,205.21,205.2,205.2,25
2016-04-11 20:57:50,205.205,205.21,4,205.21,205.2,205.21,11
2016-04-11 20:57:55,205.192,205.19,88,205.21,205.18,205.2,164
2016-04-11 20:58:00,205.19,205.19,0,205.19,205.19,205.19,0
2016-04-11 20:58:05,205.202,205.21,32,205.21,205.18,205.18,62
2016-04-11 20:58:10,205.219,205.21,151,205.22,205.2,205.21,929
2016-04-11 20:58:15,205.218,205.21,105,205.23,205.2,205.2,272
2016-04-11 20:58:20,205.205,205.2,2,205.21,205.2,205.21,2
2016-04-11 20:58:25,205.188,205.17,25,205.21,205.17,205.21,39
2016-04-11 20:58:30,205.173,205.19,42,205.19,205.17,205.17,86
2016-04-11 20:58:35,205.182,205.19,12,205.19,205.18,205.18,27
2016-04-11 20:58:40,205.183,205.19,3,205.19,205.18,205.19,3
2016-04-11 20:58:45,205.181,205.17,51,205.19,205.17,205.19,123
2016-04-11 20:58:50,205.188,205.18,29,205.19,205.18,205.18,73
2016-04-11 20:58:55,205.18,205.19,20,205.19,205.17,205.19,71
2016-04-11 20:59:00,205.196,205.2,19,205.2,205.19,205.19,30
2016-04-11 20:59:05,205.197,205.2,29,205.2,205.19,205.2,56
2016-04-11 20:59:10,205.193,205.19,53,205.21,205.18,205.2,83
2016-04-11 20:59:15,205.187,205.19,11,205.19,205.18,205.18,35
2016-04-11 20:59:20,205.187,205.18,15,205.19,205.18,205.18,46
2016-04-11 20:59:25,205.177,205.18,3,205.18,205.17,205.18,10
2016-04-11 20:59:30,205.18,205.18,16,205.19,205.17,205.18,39
2016-04-11 20:59:35,205.18,205.18,1,205.18,205.18,205.18,1
2016-04-11 20:59:40,205.173,205.18,55,205.19,205.17,205.18,103
2016-04-11 20:59:45,205.184,205.17,33,205.19,205.17,205.19,79
2016-04-11 20:59:50,205.182,205.19,9,205.2,205.17,205.17,9
2016-04-11 20:59:55,205.201,205.2,52,205.21,205.19,205.2,130
